Sample_ID,Sample_Name,index,index2,Description,rev,fwd
bV13fr-1,sample-1,GGAGACAA,GAGCTCTC,bV13fr-1,rev-1,fwd-1
bV13fr-2,sample-2,GGAGACAA,CGAGCGAT,bV13fr-2,rev-1,fwd-2
bV13fr-3,sample-3,GGAGACAA,TAGCGAGC,bV13fr-3,rev-1,fwd-3
bV13fr-4,sample-4,GGAGACAA,CTAGATAG,bV13fr-4,rev-1,fwd-4
bV13fr-5,sample-5,GGAGACAA,GCTCGAGA,bV13fr-5,rev-1,fwd-5
bV13fr-6,sample-6,GGAGACAA,AGCTCGCT,bV13fr-6,rev-1,fwd-6
bV13fr-7,sample-7,GGAGACAA,TCTAGAGA,bV13fr-7,rev-1,fwd-7
bV13fr-8,sample-8,GGAGACAA,CTCGATCG,bV13fr-8,rev-1,fwd-8
bV13fr-9,sample-9,AATCAGTC,GAGCTCTC,bV13fr-9,rev-2,fwd-1
bV13fr-10,sample-10,AATCAGTC,CGAGCGAT,bV13fr-10,rev-2,fwd-2
bV13fr-11,sample-11,AATCAGTC,TAGCGAGC,bV13fr-11,rev-2,fwd-3
bV13fr-12,sample-12,AATCAGTC,CTAGATAG,bV13fr-12,rev-2,fwd-4
bV13fr-13,sample-13,AATCAGTC,GCTCGAGA,bV13fr-13,rev-2,fwd-5
bV13fr-14,sample-14,AATCAGTC,AGCTCGCT,bV13fr-14,rev-2,fwd-6
bV13fr-15,sample-15,AATCAGTC,TCTAGAGA,bV13fr-15,rev-2,fwd-7
bV13fr-16,sample-16,AATCAGTC,CTCGATCG,bV13fr-16,rev-2,fwd-8
bV13fr-17,sample-17,AATCCGTA,GAGCTCTC,bV13fr-17,rev-3,fwd-1
bV13fr-18,sample-18,AATCCGTA,CGAGCGAT,bV13fr-18,rev-3,fwd-2
bV13fr-19,sample-19,AATCCGTA,TAGCGAGC,bV13fr-19,rev-3,fwd-3
bV13fr-20,sample-20,AATCCGTA,CTAGATAG,bV13fr-20,rev-3,fwd-4
bV13fr-21,sample-21,AATCCGTA,GCTCGAGA,bV13fr-21,rev-3,fwd-5
bV13fr-22,sample-22,AATCCGTA,AGCTCGCT,bV13fr-22,rev-3,fwd-6
bV13fr-23,sample-23,AATCCGTA,TCTAGAGA,bV13fr-23,rev-3,fwd-7
bV13fr-24,sample-24,AATCCGTA,CTCGATCG,bV13fr-24,rev-3,fwd-8
bV13fr-25,sample-25,ACACCTGG,GAGCTCTC,bV13fr-25,rev-4,fwd-1
bV13fr-26,sample-26,ACACCTGG,CGAGCGAT,bV13fr-26,rev-4,fwd-2
bV13fr-27,sample-27,ACACCTGG,TAGCGAGC,bV13fr-27,rev-4,fwd-3
bV13fr-28,sample-28,ACACCTGG,CTAGATAG,bV13fr-28,rev-4,fwd-4
bV13fr-29,sample-29,ACACCTGG,GCTCGAGA,bV13fr-29,rev-4,fwd-5
bV13fr-30,sample-30,ACACCTGG,AGCTCGCT,bV13fr-30,rev-4,fwd-6
bV13fr-31,sample-31,ACACCTGG,TCTAGAGA,bV13fr-31,rev-4,fwd-7
bV13fr-32,sample-32,ACACCTGG,CTCGATCG,bV13fr-32,rev-4,fwd-8
bV13fr-33,sample-33,TATCGTTG,GAGCTCTC,bV13fr-33,rev-5,fwd-1
bV13fr-34,sample-34,TATCGTTG,CGAGCGAT,bV13fr-34,rev-5,fwd-2
bV13fr-35,sample-35,TATCGTTG,TAGCGAGC,bV13fr-35,rev-5,fwd-3
bV13fr-36,sample-36,TATCGTTG,CTAGATAG,bV13fr-36,rev-5,fwd-4
bV13fr-37,sample-37,TATCGTTG,GCTCGAGA,bV13fr-37,rev-5,fwd-5
bV13fr-38,sample-38,TATCGTTG,AGCTCGCT,bV13fr-38,rev-5,fwd-6
bV13fr-39,sample-39,TATCGTTG,TCTAGAGA,bV13fr-39,rev-5,fwd-7
bV13fr-40,sample-40,TATCGTTG,CTCGATCG,bV13fr-40,rev-5,fwd-8
bV13fr-41,sample-41,TTACTGTG,GAGCTCTC,bV13fr-41,rev-6,fwd-1
bV13fr-42,sample-42,TTACTGTG,CGAGCGAT,bV13fr-42,rev-6,fwd-2
bV13fr-43,sample-43,TTACTGTG,TAGCGAGC,bV13fr-43,rev-6,fwd-3
bV13fr-44,sample-44,TTACTGTG,CTAGATAG,bV13fr-44,rev-6,fwd-4
bV13fr-45,sample-45,TTACTGTG,GCTCGAGA,bV13fr-45,rev-6,fwd-5
bV13fr-46,sample-46,TTACTGTG,AGCTCGCT,bV13fr-46,rev-6,fwd-6
bV13fr-47,sample-47,TTACTGTG,TCTAGAGA,bV13fr-47,rev-6,fwd-7
bV13fr-48,sample-48,TTACTGTG,CTCGATCG,bV13fr-48,rev-6,fwd-8
bV13fr-49,sample-49,AGGCTACA,GAGCTCTC,bV13fr-49,rev-7,fwd-1
bV13fr-50,sample-50,AGGCTACA,CGAGCGAT,bV13fr-50,rev-7,fwd-2
bV13fr-51,sample-51,AGGCTACA,TAGCGAGC,bV13fr-51,rev-7,fwd-3
bV13fr-52,sample-52,AGGCTACA,CTAGATAG,bV13fr-52,rev-7,fwd-4
bV13fr-53,sample-53,AGGCTACA,GCTCGAGA,bV13fr-53,rev-7,fwd-5
bV13fr-54,sample-54,AGGCTACA,AGCTCGCT,bV13fr-54,rev-7,fwd-6
bV13fr-55,sample-55,AGGCTACA,TCTAGAGA,bV13fr-55,rev-7,fwd-7
bV13fr-56,sample-56,AGGCTACA,CTCGATCG,bV13fr-56,rev-7,fwd-8
bV13fr-57,sample-57,CTAACCTC,GAGCTCTC,bV13fr-57,rev-8,fwd-1
bV13fr-58,sample-58,CTAACCTC,CGAGCGAT,bV13fr-58,rev-8,fwd-2
bV13fr-59,sample-59,CTAACCTC,TAGCGAGC,bV13fr-59,rev-8,fwd-3
bV13fr-60,sample-60,CTAACCTC,CTAGATAG,bV13fr-60,rev-8,fwd-4
bV13fr-61,sample-61,CTAACCTC,GCTCGAGA,bV13fr-61,rev-8,fwd-5
bV13fr-62,sample-62,CTAACCTC,AGCTCGCT,bV13fr-62,rev-8,fwd-6
bV13fr-63,sample-63,CTAACCTC,TCTAGAGA,bV13fr-63,rev-8,fwd-7
bV13fr-64,sample-64,CTAACCTC,CTCGATCG,bV13fr-64,rev-8,fwd-8
bV13fr-65,sample-65,GAACCAAA,GAGCTCTC,bV13fr-65,rev-9,fwd-1
bV13fr-66,sample-66,GAACCAAA,CGAGCGAT,bV13fr-66,rev-9,fwd-2
bV13fr-67,sample-67,GAACCAAA,TAGCGAGC,bV13fr-67,rev-9,fwd-3
bV13fr-68,sample-68,GAACCAAA,CTAGATAG,bV13fr-68,rev-9,fwd-4
bV13fr-69,sample-69,GAACCAAA,GCTCGAGA,bV13fr-69,rev-9,fwd-5
bV13fr-70,sample-70,GAACCAAA,AGCTCGCT,bV13fr-70,rev-9,fwd-6
bV13fr-71,sample-71,GAACCAAA,TCTAGAGA,bV13fr-71,rev-9,fwd-7
bV13fr-72,sample-72,GAACCAAA,CTCGATCG,bV13fr-72,rev-9,fwd-8
bV13fr-73,sample-73,GTATGCGC,GAGCTCTC,bV13fr-73,rev-10,fwd-1
bV13fr-74,sample-74,GTATGCGC,CGAGCGAT,bV13fr-74,rev-10,fwd-2
bV13fr-75,sample-75,GTATGCGC,TAGCGAGC,bV13fr-75,rev-10,fwd-3
bV13fr-76,sample-76,GTATGCGC,CTAGATAG,bV13fr-76,rev-10,fwd-4
bV13fr-77,sample-77,GTATGCGC,GCTCGAGA,bV13fr-77,rev-10,fwd-5
bV13fr-78,sample-78,GTATGCGC,AGCTCGCT,bV13fr-78,rev-10,fwd-6
bV13fr-79,sample-79,GTATGCGC,TCTAGAGA,bV13fr-79,rev-10,fwd-7
bV13fr-80,sample-80,GTATGCGC,CTCGATCG,bV13fr-80,rev-10,fwd-8
bV13fr-81,sample-81,GTACATAC,GAGCTCTC,bV13fr-81,rev-11,fwd-1
bV13fr-82,sample-82,GTACATAC,CGAGCGAT,bV13fr-82,rev-11,fwd-2
bV13fr-83,sample-83,GTACATAC,TAGCGAGC,bV13fr-83,rev-11,fwd-3
bV13fr-84,sample-84,GTACATAC,CTAGATAG,bV13fr-84,rev-11,fwd-4
bV13fr-85,sample-85,GTACATAC,GCTCGAGA,bV13fr-85,rev-11,fwd-5
bV13fr-86,sample-86,GTACATAC,AGCTCGCT,bV13fr-86,rev-11,fwd-6
bV13fr-87,sample-87,GTACATAC,TCTAGAGA,bV13fr-87,rev-11,fwd-7
bV13fr-88,sample-88,GTACATAC,CTCGATCG,bV13fr-88,rev-11,fwd-8
bV13fr-89,sample-89,TCCGACAC,GAGCTCTC,bV13fr-89,rev-12,fwd-1
bV13fr-90,sample-90,TCCGACAC,CGAGCGAT,bV13fr-90,rev-12,fwd-2
bV13fr-91,sample-91,TCCGACAC,TAGCGAGC,bV13fr-91,rev-12,fwd-3
bV13fr-92,sample-92,TCCGACAC,CTAGATAG,bV13fr-92,rev-12,fwd-4
bV13fr-93,sample-93,TCCGACAC,GCTCGAGA,bV13fr-93,rev-12,fwd-5
bV13fr-94,sample-94,TCCGACAC,AGCTCGCT,bV13fr-94,rev-12,fwd-6
bV13fr-95,sample-95,TCCGACAC,TCTAGAGA,bV13fr-95,rev-12,fwd-7
bV13fr-96,sample-96,TCCGACAC,CTCGATCG,bV13fr-96,rev-12,fwd-8
bV13fr-97,sample-97,CCAGTGTA,GAGCTCTC,bV13fr-97,rev-13,fwd-1
bV13fr-98,sample-98,CCAGTGTA,CGAGCGAT,bV13fr-98,rev-13,fwd-2
bV13fr-99,sample-99,CCAGTGTA,TAGCGAGC,bV13fr-99,rev-13,fwd-3
bV13fr-100,sample-100,CCAGTGTA,CTAGATAG,bV13fr-100,rev-13,fwd-4
bV13fr-101,sample-101,CCAGTGTA,GCTCGAGA,bV13fr-101,rev-13,fwd-5
bV13fr-102,sample-102,CCAGTGTA,AGCTCGCT,bV13fr-102,rev-13,fwd-6
bV13fr-103,sample-103,CCAGTGTA,TCTAGAGA,bV13fr-103,rev-13,fwd-7
bV13fr-104,sample-104,CCAGTGTA,CTCGATCG,bV13fr-104,rev-13,fwd-8
bV13fr-105,sample-105,CCTCGTTC,GAGCTCTC,bV13fr-105,rev-14,fwd-1
bV13fr-106,sample-106,CCTCGTTC,CGAGCGAT,bV13fr-106,rev-14,fwd-2
bV13fr-107,sample-107,CCTCGTTC,TAGCGAGC,bV13fr-107,rev-14,fwd-3
bV13fr-108,sample-108,CCTCGTTC,CTAGATAG,bV13fr-108,rev-14,fwd-4
bV13fr-109,sample-109,CCTCGTTC,GCTCGAGA,bV13fr-109,rev-14,fwd-5
bV13fr-110,sample-110,CCTCGTTC,AGCTCGCT,bV13fr-110,rev-14,fwd-6
bV13fr-111,sample-111,CCTCGTTC,TCTAGAGA,bV13fr-111,rev-14,fwd-7
bV13fr-112,sample-112,CCTCGTTC,CTCGATCG,bV13fr-112,rev-14,fwd-8
bV13fr-113,sample-113,TGAGTCAC,GAGCTCTC,bV13fr-113,rev-15,fwd-1
bV13fr-114,sample-114,TGAGTCAC,CGAGCGAT,bV13fr-114,rev-15,fwd-2
bV13fr-115,sample-115,TGAGTCAC,TAGCGAGC,bV13fr-115,rev-15,fwd-3
bV13fr-116,sample-116,TGAGTCAC,CTAGATAG,bV13fr-116,rev-15,fwd-4
bV13fr-117,sample-117,TGAGTCAC,GCTCGAGA,bV13fr-117,rev-15,fwd-5
bV13fr-118,sample-118,TGAGTCAC,AGCTCGCT,bV13fr-118,rev-15,fwd-6
bV13fr-119,sample-119,TGAGTCAC,TCTAGAGA,bV13fr-119,rev-15,fwd-7
bV13fr-120,sample-120,TGAGTCAC,CTCGATCG,bV13fr-120,rev-15,fwd-8
bV13fr-121,sample-121,GACTTGGT,GAGCTCTC,bV13fr-121,rev-16,fwd-1
bV13fr-122,sample-122,GACTTGGT,CGAGCGAT,bV13fr-122,rev-16,fwd-2
bV13fr-123,sample-123,GACTTGGT,TAGCGAGC,bV13fr-123,rev-16,fwd-3
bV13fr-124,sample-124,GACTTGGT,CTAGATAG,bV13fr-124,rev-16,fwd-4
bV13fr-125,sample-125,GACTTGGT,GCTCGAGA,bV13fr-125,rev-16,fwd-5
bV13fr-126,sample-126,GACTTGGT,AGCTCGCT,bV13fr-126,rev-16,fwd-6
bV13fr-127,sample-127,GACTTGGT,TCTAGAGA,bV13fr-127,rev-16,fwd-7
bV13fr-128,sample-128,GACTTGGT,CTCGATCG,bV13fr-128,rev-16,fwd-8
bV13fr-129,sample-129,TACACGAT,GAGCTCTC,bV13fr-129,rev-17,fwd-1
bV13fr-130,sample-130,TACACGAT,CGAGCGAT,bV13fr-130,rev-17,fwd-2
bV13fr-131,sample-131,TACACGAT,TAGCGAGC,bV13fr-131,rev-17,fwd-3
bV13fr-132,sample-132,TACACGAT,CTAGATAG,bV13fr-132,rev-17,fwd-4
bV13fr-133,sample-133,TACACGAT,GCTCGAGA,bV13fr-133,rev-17,fwd-5
bV13fr-134,sample-134,TACACGAT,AGCTCGCT,bV13fr-134,rev-17,fwd-6
bV13fr-135,sample-135,TACACGAT,TCTAGAGA,bV13fr-135,rev-17,fwd-7
bV13fr-136,sample-136,TACACGAT,CTCGATCG,bV13fr-136,rev-17,fwd-8
bV13fr-137,sample-137,GCACACAC,GAGCTCTC,bV13fr-137,rev-18,fwd-1
bV13fr-138,sample-138,GCACACAC,CGAGCGAT,bV13fr-138,rev-18,fwd-2
bV13fr-139,sample-139,GCACACAC,TAGCGAGC,bV13fr-139,rev-18,fwd-3
bV13fr-140,sample-140,GCACACAC,CTAGATAG,bV13fr-140,rev-18,fwd-4
bV13fr-141,sample-141,GCACACAC,GCTCGAGA,bV13fr-141,rev-18,fwd-5
bV13fr-142,sample-142,GCACACAC,AGCTCGCT,bV13fr-142,rev-18,fwd-6
bV13fr-143,sample-143,GCACACAC,TCTAGAGA,bV13fr-143,rev-18,fwd-7
bV13fr-144,sample-144,GCACACAC,CTCGATCG,bV13fr-144,rev-18,fwd-8
bV13fr-145,sample-145,CACGCCAT,GAGCTCTC,bV13fr-145,rev-19,fwd-1
bV13fr-146,sample-146,CACGCCAT,CGAGCGAT,bV13fr-146,rev-19,fwd-2
bV13fr-147,sample-147,CACGCCAT,TAGCGAGC,bV13fr-147,rev-19,fwd-3
bV13fr-148,sample-148,CACGCCAT,CTAGATAG,bV13fr-148,rev-19,fwd-4
bV13fr-149,sample-149,CACGCCAT,GCTCGAGA,bV13fr-149,rev-19,fwd-5
bV13fr-150,sample-150,CACGCCAT,AGCTCGCT,bV13fr-150,rev-19,fwd-6
bV13fr-151,sample-151,CACGCCAT,TCTAGAGA,bV13fr-151,rev-19,fwd-7
bV13fr-152,sample-152,CACGCCAT,CTCGATCG,bV13fr-152,rev-19,fwd-8
bV13fr-153,sample-153,CAGGCGTA,GAGCTCTC,bV13fr-153,rev-20,fwd-1
bV13fr-154,sample-154,CAGGCGTA,CGAGCGAT,bV13fr-154,rev-20,fwd-2
bV13fr-155,sample-155,CAGGCGTA,TAGCGAGC,bV13fr-155,rev-20,fwd-3
bV13fr-156,sample-156,CAGGCGTA,CTAGATAG,bV13fr-156,rev-20,fwd-4
bV13fr-157,sample-157,CAGGCGTA,GCTCGAGA,bV13fr-157,rev-20,fwd-5
bV13fr-158,sample-158,CAGGCGTA,AGCTCGCT,bV13fr-158,rev-20,fwd-6
bV13fr-159,sample-159,CAGGCGTA,TCTAGAGA,bV13fr-159,rev-20,fwd-7
bV13fr-160,sample-160,CAGGCGTA,CTCGATCG,bV13fr-160,rev-20,fwd-8
bV13fr-161,sample-161,GGATCGCA,GAGCTCTC,bV13fr-161,rev-21,fwd-1
bV13fr-162,sample-162,GGATCGCA,CGAGCGAT,bV13fr-162,rev-21,fwd-2
bV13fr-163,sample-163,GGATCGCA,TAGCGAGC,bV13fr-163,rev-21,fwd-3
bV13fr-164,sample-164,GGATCGCA,CTAGATAG,bV13fr-164,rev-21,fwd-4
bV13fr-165,sample-165,GGATCGCA,GCTCGAGA,bV13fr-165,rev-21,fwd-5
bV13fr-166,sample-166,GGATCGCA,AGCTCGCT,bV13fr-166,rev-21,fwd-6
bV13fr-167,sample-167,GGATCGCA,TCTAGAGA,bV13fr-167,rev-21,fwd-7
bV13fr-168,sample-168,GGATCGCA,CTCGATCG,bV13fr-168,rev-21,fwd-8
bV13fr-169,sample-169,GCTGATGA,GAGCTCTC,bV13fr-169,rev-22,fwd-1
bV13fr-170,sample-170,GCTGATGA,CGAGCGAT,bV13fr-170,rev-22,fwd-2
bV13fr-171,sample-171,GCTGATGA,TAGCGAGC,bV13fr-171,rev-22,fwd-3
bV13fr-172,sample-172,GCTGATGA,CTAGATAG,bV13fr-172,rev-22,fwd-4
bV13fr-173,sample-173,GCTGATGA,GCTCGAGA,bV13fr-173,rev-22,fwd-5
bV13fr-174,sample-174,GCTGATGA,AGCTCGCT,bV13fr-174,rev-22,fwd-6
bV13fr-175,sample-175,GCTGATGA,TCTAGAGA,bV13fr-175,rev-22,fwd-7
bV13fr-176,sample-176,GCTGATGA,CTCGATCG,bV13fr-176,rev-22,fwd-8
bV13fr-177,sample-177,AGCTGTTG,GAGCTCTC,bV13fr-177,rev-23,fwd-1
bV13fr-178,sample-178,AGCTGTTG,CGAGCGAT,bV13fr-178,rev-23,fwd-2
bV13fr-179,sample-179,AGCTGTTG,TAGCGAGC,bV13fr-179,rev-23,fwd-3
bV13fr-180,sample-180,AGCTGTTG,CTAGATAG,bV13fr-180,rev-23,fwd-4
bV13fr-181,sample-181,AGCTGTTG,GCTCGAGA,bV13fr-181,rev-23,fwd-5
bV13fr-182,sample-182,AGCTGTTG,AGCTCGCT,bV13fr-182,rev-23,fwd-6
bV13fr-183,sample-183,AGCTGTTG,TCTAGAGA,bV13fr-183,rev-23,fwd-7
bV13fr-184,sample-184,AGCTGTTG,CTCGATCG,bV13fr-184,rev-23,fwd-8
bV13fr-185,sample-185,GGATGGTG,GAGCTCTC,bV13fr-185,rev-24,fwd-1
bV13fr-186,sample-186,GGATGGTG,CGAGCGAT,bV13fr-186,rev-24,fwd-2
bV13fr-187,sample-187,GGATGGTG,TAGCGAGC,bV13fr-187,rev-24,fwd-3
bV13fr-188,sample-188,GGATGGTG,CTAGATAG,bV13fr-188,rev-24,fwd-4
bV13fr-189,sample-189,GGATGGTG,GCTCGAGA,bV13fr-189,rev-24,fwd-5
bV13fr-190,sample-190,GGATGGTG,AGCTCGCT,bV13fr-190,rev-24,fwd-6
bV13fr-191,sample-191,GGATGGTG,TCTAGAGA,bV13fr-191,rev-24,fwd-7
bV13fr-192,sample-192,GGATGGTG,CTCGATCG,bV13fr-192,rev-24,fwd-8
bV13fr-193,sample-193,GGAGACAA,CACTACGC,bV13fr-193,rev-1,fwd-9
bV13fr-194,sample-194,GGAGACAA,TGCAGTCC,bV13fr-194,rev-1,fwd-10
bV13fr-195,sample-195,GGAGACAA,ACCATAGC,bV13fr-195,rev-1,fwd-11
bV13fr-196,sample-196,GGAGACAA,TCGACATC,bV13fr-196,rev-1,fwd-12
bV13fr-197,sample-197,GGAGACAA,GAACACTT,bV13fr-197,rev-1,fwd-13
bV13fr-198,sample-198,GGAGACAA,GAGCCATC,bV13fr-198,rev-1,fwd-14
bV13fr-199,sample-199,GGAGACAA,TTGGGTAC,bV13fr-199,rev-1,fwd-15
bV13fr-200,sample-200,GGAGACAA,AAGGCGCT,bV13fr-200,rev-1,fwd-16
bV13fr-201,sample-201,AATCAGTC,CACTACGC,bV13fr-201,rev-2,fwd-9
bV13fr-202,sample-202,AATCAGTC,TGCAGTCC,bV13fr-202,rev-2,fwd-10
bV13fr-203,sample-203,AATCAGTC,ACCATAGC,bV13fr-203,rev-2,fwd-11
bV13fr-204,sample-204,AATCAGTC,TCGACATC,bV13fr-204,rev-2,fwd-12
bV13fr-205,sample-205,AATCAGTC,GAACACTT,bV13fr-205,rev-2,fwd-13
bV13fr-206,sample-206,AATCAGTC,GAGCCATC,bV13fr-206,rev-2,fwd-14
bV13fr-207,sample-207,AATCAGTC,TTGGGTAC,bV13fr-207,rev-2,fwd-15
bV13fr-208,sample-208,AATCAGTC,AAGGCGCT,bV13fr-208,rev-2,fwd-16
bV13fr-209,sample-209,AATCCGTA,CACTACGC,bV13fr-209,rev-3,fwd-9
bV13fr-210,sample-210,AATCCGTA,TGCAGTCC,bV13fr-210,rev-3,fwd-10
bV13fr-211,sample-211,AATCCGTA,ACCATAGC,bV13fr-211,rev-3,fwd-11
bV13fr-212,sample-212,AATCCGTA,TCGACATC,bV13fr-212,rev-3,fwd-12
bV13fr-213,sample-213,AATCCGTA,GAACACTT,bV13fr-213,rev-3,fwd-13
bV13fr-214,sample-214,AATCCGTA,GAGCCATC,bV13fr-214,rev-3,fwd-14
bV13fr-215,sample-215,AATCCGTA,TTGGGTAC,bV13fr-215,rev-3,fwd-15
bV13fr-216,sample-216,AATCCGTA,AAGGCGCT,bV13fr-216,rev-3,fwd-16
bV13fr-217,sample-217,ACACCTGG,CACTACGC,bV13fr-217,rev-4,fwd-9
bV13fr-218,sample-218,ACACCTGG,TGCAGTCC,bV13fr-218,rev-4,fwd-10
bV13fr-219,sample-219,ACACCTGG,ACCATAGC,bV13fr-219,rev-4,fwd-11
bV13fr-220,sample-220,ACACCTGG,TCGACATC,bV13fr-220,rev-4,fwd-12
bV13fr-221,sample-221,ACACCTGG,GAACACTT,bV13fr-221,rev-4,fwd-13
bV13fr-222,sample-222,ACACCTGG,GAGCCATC,bV13fr-222,rev-4,fwd-14
bV13fr-223,sample-223,ACACCTGG,TTGGGTAC,bV13fr-223,rev-4,fwd-15
bV13fr-224,sample-224,ACACCTGG,AAGGCGCT,bV13fr-224,rev-4,fwd-16
bV13fr-225,sample-225,TATCGTTG,CACTACGC,bV13fr-225,rev-5,fwd-9
bV13fr-226,sample-226,TATCGTTG,TGCAGTCC,bV13fr-226,rev-5,fwd-10
bV13fr-227,sample-227,TATCGTTG,ACCATAGC,bV13fr-227,rev-5,fwd-11
bV13fr-228,sample-228,TATCGTTG,TCGACATC,bV13fr-228,rev-5,fwd-12
bV13fr-229,sample-229,TATCGTTG,GAACACTT,bV13fr-229,rev-5,fwd-13
bV13fr-230,sample-230,TATCGTTG,GAGCCATC,bV13fr-230,rev-5,fwd-14
bV13fr-231,sample-231,TATCGTTG,TTGGGTAC,bV13fr-231,rev-5,fwd-15
bV13fr-232,sample-232,TATCGTTG,AAGGCGCT,bV13fr-232,rev-5,fwd-16
bV13fr-233,sample-233,TTACTGTG,CACTACGC,bV13fr-233,rev-6,fwd-9
bV13fr-234,sample-234,TTACTGTG,TGCAGTCC,bV13fr-234,rev-6,fwd-10
bV13fr-235,sample-235,TTACTGTG,ACCATAGC,bV13fr-235,rev-6,fwd-11
bV13fr-236,sample-236,TTACTGTG,TCGACATC,bV13fr-236,rev-6,fwd-12
bV13fr-237,sample-237,TTACTGTG,GAACACTT,bV13fr-237,rev-6,fwd-13
bV13fr-238,sample-238,TTACTGTG,GAGCCATC,bV13fr-238,rev-6,fwd-14
bV13fr-239,sample-239,TTACTGTG,TTGGGTAC,bV13fr-239,rev-6,fwd-15
bV13fr-240,sample-240,TTACTGTG,AAGGCGCT,bV13fr-240,rev-6,fwd-16
bV13fr-241,sample-241,AGGCTACA,CACTACGC,bV13fr-241,rev-7,fwd-9
bV13fr-242,sample-242,AGGCTACA,TGCAGTCC,bV13fr-242,rev-7,fwd-10
bV13fr-243,sample-243,AGGCTACA,ACCATAGC,bV13fr-243,rev-7,fwd-11
bV13fr-244,sample-244,AGGCTACA,TCGACATC,bV13fr-244,rev-7,fwd-12
bV13fr-245,sample-245,AGGCTACA,GAACACTT,bV13fr-245,rev-7,fwd-13
bV13fr-246,sample-246,AGGCTACA,GAGCCATC,bV13fr-246,rev-7,fwd-14
bV13fr-247,sample-247,AGGCTACA,TTGGGTAC,bV13fr-247,rev-7,fwd-15
bV13fr-248,sample-248,AGGCTACA,AAGGCGCT,bV13fr-248,rev-7,fwd-16
bV13fr-249,sample-249,CTAACCTC,CACTACGC,bV13fr-249,rev-8,fwd-9
bV13fr-250,sample-250,CTAACCTC,TGCAGTCC,bV13fr-250,rev-8,fwd-10
bV13fr-251,sample-251,CTAACCTC,ACCATAGC,bV13fr-251,rev-8,fwd-11
bV13fr-252,sample-252,CTAACCTC,TCGACATC,bV13fr-252,rev-8,fwd-12
bV13fr-253,sample-253,CTAACCTC,GAACACTT,bV13fr-253,rev-8,fwd-13
bV13fr-254,sample-254,CTAACCTC,GAGCCATC,bV13fr-254,rev-8,fwd-14
bV13fr-255,sample-255,CTAACCTC,TTGGGTAC,bV13fr-255,rev-8,fwd-15
bV13fr-256,sample-256,CTAACCTC,AAGGCGCT,bV13fr-256,rev-8,fwd-16
bV13fr-257,sample-257,GAACCAAA,CACTACGC,bV13fr-257,rev-9,fwd-9
bV13fr-258,sample-258,GAACCAAA,TGCAGTCC,bV13fr-258,rev-9,fwd-10
bV13fr-259,sample-259,GAACCAAA,ACCATAGC,bV13fr-259,rev-9,fwd-11
bV13fr-260,sample-260,GAACCAAA,TCGACATC,bV13fr-260,rev-9,fwd-12
bV13fr-261,sample-261,GAACCAAA,GAACACTT,bV13fr-261,rev-9,fwd-13
bV13fr-262,sample-262,GAACCAAA,GAGCCATC,bV13fr-262,rev-9,fwd-14
bV13fr-263,sample-263,GAACCAAA,TTGGGTAC,bV13fr-263,rev-9,fwd-15
bV13fr-264,sample-264,GAACCAAA,AAGGCGCT,bV13fr-264,rev-9,fwd-16
bV13fr-265,sample-265,GTATGCGC,CACTACGC,bV13fr-265,rev-10,fwd-9
bV13fr-266,sample-266,GTATGCGC,TGCAGTCC,bV13fr-266,rev-10,fwd-10
bV13fr-267,sample-267,GTATGCGC,ACCATAGC,bV13fr-267,rev-10,fwd-11
bV13fr-268,sample-268,GTATGCGC,TCGACATC,bV13fr-268,rev-10,fwd-12
bV13fr-269,sample-269,GTATGCGC,GAACACTT,bV13fr-269,rev-10,fwd-13
bV13fr-270,sample-270,GTATGCGC,GAGCCATC,bV13fr-270,rev-10,fwd-14
bV13fr-271,sample-271,GTATGCGC,TTGGGTAC,bV13fr-271,rev-10,fwd-15
bV13fr-272,sample-272,GTATGCGC,AAGGCGCT,bV13fr-272,rev-10,fwd-16
bV13fr-273,sample-273,GTACATAC,CACTACGC,bV13fr-273,rev-11,fwd-9
bV13fr-274,sample-274,GTACATAC,TGCAGTCC,bV13fr-274,rev-11,fwd-10
bV13fr-275,sample-275,GTACATAC,ACCATAGC,bV13fr-275,rev-11,fwd-11
bV13fr-276,sample-276,GTACATAC,TCGACATC,bV13fr-276,rev-11,fwd-12
bV13fr-277,sample-277,GTACATAC,GAACACTT,bV13fr-277,rev-11,fwd-13
bV13fr-278,sample-278,GTACATAC,GAGCCATC,bV13fr-278,rev-11,fwd-14
bV13fr-279,sample-279,GTACATAC,TTGGGTAC,bV13fr-279,rev-11,fwd-15
bV13fr-280,sample-280,GTACATAC,AAGGCGCT,bV13fr-280,rev-11,fwd-16
bV13fr-281,sample-281,TCCGACAC,CACTACGC,bV13fr-281,rev-12,fwd-9
bV13fr-282,sample-282,TCCGACAC,TGCAGTCC,bV13fr-282,rev-12,fwd-10
bV13fr-283,sample-283,TCCGACAC,ACCATAGC,bV13fr-283,rev-12,fwd-11
bV13fr-284,sample-284,TCCGACAC,TCGACATC,bV13fr-284,rev-12,fwd-12
bV13fr-285,sample-285,TCCGACAC,GAACACTT,bV13fr-285,rev-12,fwd-13
bV13fr-286,sample-286,TCCGACAC,GAGCCATC,bV13fr-286,rev-12,fwd-14
bV13fr-287,sample-287,TCCGACAC,TTGGGTAC,bV13fr-287,rev-12,fwd-15
bV13fr-288,sample-288,TCCGACAC,AAGGCGCT,bV13fr-288,rev-12,fwd-16
bV13fr-289,sample-289,CCAGTGTA,CACTACGC,bV13fr-289,rev-13,fwd-9
bV13fr-290,sample-290,CCAGTGTA,TGCAGTCC,bV13fr-290,rev-13,fwd-10
bV13fr-291,sample-291,CCAGTGTA,ACCATAGC,bV13fr-291,rev-13,fwd-11
bV13fr-292,sample-292,CCAGTGTA,TCGACATC,bV13fr-292,rev-13,fwd-12
bV13fr-293,sample-293,CCAGTGTA,GAACACTT,bV13fr-293,rev-13,fwd-13
bV13fr-294,sample-294,CCAGTGTA,GAGCCATC,bV13fr-294,rev-13,fwd-14
bV13fr-295,sample-295,CCAGTGTA,TTGGGTAC,bV13fr-295,rev-13,fwd-15
bV13fr-296,sample-296,CCAGTGTA,AAGGCGCT,bV13fr-296,rev-13,fwd-16
bV13fr-297,sample-297,CCTCGTTC,CACTACGC,bV13fr-297,rev-14,fwd-9
bV13fr-298,sample-298,CCTCGTTC,TGCAGTCC,bV13fr-298,rev-14,fwd-10
bV13fr-299,sample-299,CCTCGTTC,ACCATAGC,bV13fr-299,rev-14,fwd-11
bV13fr-300,sample-300,CCTCGTTC,TCGACATC,bV13fr-300,rev-14,fwd-12
bV13fr-301,sample-301,CCTCGTTC,GAACACTT,bV13fr-301,rev-14,fwd-13
bV13fr-302,sample-302,CCTCGTTC,GAGCCATC,bV13fr-302,rev-14,fwd-14
bV13fr-303,sample-303,CCTCGTTC,TTGGGTAC,bV13fr-303,rev-14,fwd-15
bV13fr-304,sample-304,CCTCGTTC,AAGGCGCT,bV13fr-304,rev-14,fwd-16
bV13fr-305,sample-305,TGAGTCAC,CACTACGC,bV13fr-305,rev-15,fwd-9
bV13fr-306,sample-306,TGAGTCAC,TGCAGTCC,bV13fr-306,rev-15,fwd-10
bV13fr-307,sample-307,TGAGTCAC,ACCATAGC,bV13fr-307,rev-15,fwd-11
bV13fr-308,sample-308,TGAGTCAC,TCGACATC,bV13fr-308,rev-15,fwd-12
bV13fr-309,sample-309,TGAGTCAC,GAACACTT,bV13fr-309,rev-15,fwd-13
bV13fr-310,sample-310,TGAGTCAC,GAGCCATC,bV13fr-310,rev-15,fwd-14
bV13fr-311,sample-311,TGAGTCAC,TTGGGTAC,bV13fr-311,rev-15,fwd-15
bV13fr-312,sample-312,TGAGTCAC,AAGGCGCT,bV13fr-312,rev-15,fwd-16
bV13fr-313,sample-313,GACTTGGT,CACTACGC,bV13fr-313,rev-16,fwd-9
bV13fr-314,sample-314,GACTTGGT,TGCAGTCC,bV13fr-314,rev-16,fwd-10
bV13fr-315,sample-315,GACTTGGT,ACCATAGC,bV13fr-315,rev-16,fwd-11
bV13fr-316,sample-316,GACTTGGT,TCGACATC,bV13fr-316,rev-16,fwd-12
bV13fr-317,sample-317,GACTTGGT,GAACACTT,bV13fr-317,rev-16,fwd-13
bV13fr-318,sample-318,GACTTGGT,GAGCCATC,bV13fr-318,rev-16,fwd-14
bV13fr-319,sample-319,GACTTGGT,TTGGGTAC,bV13fr-319,rev-16,fwd-15
bV13fr-320,sample-320,GACTTGGT,AAGGCGCT,bV13fr-320,rev-16,fwd-16
bV13fr-321,sample-321,TACACGAT,CACTACGC,bV13fr-321,rev-17,fwd-9
bV13fr-322,sample-322,TACACGAT,TGCAGTCC,bV13fr-322,rev-17,fwd-10
bV13fr-323,sample-323,TACACGAT,ACCATAGC,bV13fr-323,rev-17,fwd-11
bV13fr-324,sample-324,TACACGAT,TCGACATC,bV13fr-324,rev-17,fwd-12
bV13fr-325,sample-325,TACACGAT,GAACACTT,bV13fr-325,rev-17,fwd-13
bV13fr-326,sample-326,TACACGAT,GAGCCATC,bV13fr-326,rev-17,fwd-14
bV13fr-327,sample-327,TACACGAT,TTGGGTAC,bV13fr-327,rev-17,fwd-15
bV13fr-328,sample-328,TACACGAT,AAGGCGCT,bV13fr-328,rev-17,fwd-16
bV13fr-329,sample-329,GCACACAC,CACTACGC,bV13fr-329,rev-18,fwd-9
bV13fr-330,sample-330,GCACACAC,TGCAGTCC,bV13fr-330,rev-18,fwd-10
bV13fr-331,sample-331,GCACACAC,ACCATAGC,bV13fr-331,rev-18,fwd-11
bV13fr-332,sample-332,GCACACAC,TCGACATC,bV13fr-332,rev-18,fwd-12
bV13fr-333,sample-333,GCACACAC,GAACACTT,bV13fr-333,rev-18,fwd-13
bV13fr-334,sample-334,GCACACAC,GAGCCATC,bV13fr-334,rev-18,fwd-14
bV13fr-335,sample-335,GCACACAC,TTGGGTAC,bV13fr-335,rev-18,fwd-15
bV13fr-336,sample-336,GCACACAC,AAGGCGCT,bV13fr-336,rev-18,fwd-16
bV13fr-337,sample-337,CACGCCAT,CACTACGC,bV13fr-337,rev-19,fwd-9
bV13fr-338,sample-338,CACGCCAT,TGCAGTCC,bV13fr-338,rev-19,fwd-10
bV13fr-339,sample-339,CACGCCAT,ACCATAGC,bV13fr-339,rev-19,fwd-11
bV13fr-340,sample-340,CACGCCAT,TCGACATC,bV13fr-340,rev-19,fwd-12
bV13fr-341,sample-341,CACGCCAT,GAACACTT,bV13fr-341,rev-19,fwd-13
bV13fr-342,sample-342,CACGCCAT,GAGCCATC,bV13fr-342,rev-19,fwd-14
bV13fr-343,sample-343,CACGCCAT,TTGGGTAC,bV13fr-343,rev-19,fwd-15
bV13fr-344,sample-344,CACGCCAT,AAGGCGCT,bV13fr-344,rev-19,fwd-16
bV13fr-345,sample-345,CAGGCGTA,CACTACGC,bV13fr-345,rev-20,fwd-9
bV13fr-346,sample-346,CAGGCGTA,TGCAGTCC,bV13fr-346,rev-20,fwd-10
bV13fr-347,sample-347,CAGGCGTA,ACCATAGC,bV13fr-347,rev-20,fwd-11
bV13fr-348,sample-348,CAGGCGTA,TCGACATC,bV13fr-348,rev-20,fwd-12
bV13fr-349,sample-349,CAGGCGTA,GAACACTT,bV13fr-349,rev-20,fwd-13
bV13fr-350,sample-350,CAGGCGTA,GAGCCATC,bV13fr-350,rev-20,fwd-14
bV13fr-351,sample-351,CAGGCGTA,TTGGGTAC,bV13fr-351,rev-20,fwd-15
bV13fr-352,sample-352,CAGGCGTA,AAGGCGCT,bV13fr-352,rev-20,fwd-16
bV13fr-353,sample-353,GGATCGCA,CACTACGC,bV13fr-353,rev-21,fwd-9
bV13fr-354,sample-354,GGATCGCA,TGCAGTCC,bV13fr-354,rev-21,fwd-10
bV13fr-355,sample-355,GGATCGCA,ACCATAGC,bV13fr-355,rev-21,fwd-11
bV13fr-356,sample-356,GGATCGCA,TCGACATC,bV13fr-356,rev-21,fwd-12
bV13fr-357,sample-357,GGATCGCA,GAACACTT,bV13fr-357,rev-21,fwd-13
bV13fr-358,sample-358,GGATCGCA,GAGCCATC,bV13fr-358,rev-21,fwd-14
bV13fr-359,sample-359,GGATCGCA,TTGGGTAC,bV13fr-359,rev-21,fwd-15
bV13fr-360,sample-360,GGATCGCA,AAGGCGCT,bV13fr-360,rev-21,fwd-16
bV13fr-361,sample-361,GCTGATGA,CACTACGC,bV13fr-361,rev-22,fwd-9
bV13fr-362,sample-362,GCTGATGA,TGCAGTCC,bV13fr-362,rev-22,fwd-10
bV13fr-363,sample-363,GCTGATGA,ACCATAGC,bV13fr-363,rev-22,fwd-11
bV13fr-364,sample-364,GCTGATGA,TCGACATC,bV13fr-364,rev-22,fwd-12
bV13fr-365,sample-365,GCTGATGA,GAACACTT,bV13fr-365,rev-22,fwd-13
bV13fr-366,sample-366,GCTGATGA,GAGCCATC,bV13fr-366,rev-22,fwd-14
bV13fr-367,sample-367,GCTGATGA,TTGGGTAC,bV13fr-367,rev-22,fwd-15
bV13fr-368,sample-368,GCTGATGA,AAGGCGCT,bV13fr-368,rev-22,fwd-16
bV13fr-369,sample-369,AGCTGTTG,CACTACGC,bV13fr-369,rev-23,fwd-9
bV13fr-370,sample-370,AGCTGTTG,TGCAGTCC,bV13fr-370,rev-23,fwd-10
bV13fr-371,sample-371,AGCTGTTG,ACCATAGC,bV13fr-371,rev-23,fwd-11
bV13fr-372,sample-372,AGCTGTTG,TCGACATC,bV13fr-372,rev-23,fwd-12
bV13fr-373,sample-373,AGCTGTTG,GAACACTT,bV13fr-373,rev-23,fwd-13
bV13fr-374,sample-374,AGCTGTTG,GAGCCATC,bV13fr-374,rev-23,fwd-14
bV13fr-375,sample-375,AGCTGTTG,TTGGGTAC,bV13fr-375,rev-23,fwd-15
bV13fr-376,sample-376,AGCTGTTG,AAGGCGCT,bV13fr-376,rev-23,fwd-16
bV13fr-377,sample-377,GGATGGTG,CACTACGC,bV13fr-377,rev-24,fwd-9
bV13fr-378,sample-378,GGATGGTG,TGCAGTCC,bV13fr-378,rev-24,fwd-10
bV13fr-379,sample-379,GGATGGTG,ACCATAGC,bV13fr-379,rev-24,fwd-11
bV13fr-380,sample-380,GGATGGTG,TCGACATC,bV13fr-380,rev-24,fwd-12
bV13fr-381,sample-381,GGATGGTG,GAACACTT,bV13fr-381,rev-24,fwd-13
bV13fr-382,sample-382,GGATGGTG,GAGCCATC,bV13fr-382,rev-24,fwd-14
bV13fr-383,sample-383,GGATGGTG,TTGGGTAC,bV13fr-383,rev-24,fwd-15
bV13fr-384,sample-384,GGATGGTG,AAGGCGCT,bV13fr-384,rev-24,fwd-16
bV13fr-385,sample-385,GGAGACAA,GCGATATA,bV13fr-385,rev-1,fwd-17
bV13fr-386,sample-386,GGAGACAA,AGTCGTGC,bV13fr-386,rev-1,fwd-18
bV13fr-387,sample-387,GGAGACAA,GTATCTGC,bV13fr-387,rev-1,fwd-19
bV13fr-388,sample-388,GGAGACAA,CGAGGGAA,bV13fr-388,rev-1,fwd-20
bV13fr-389,sample-389,GGAGACAA,CAAATTCG,bV13fr-389,rev-1,fwd-21
bV13fr-390,sample-390,GGAGACAA,AGATTGAC,bV13fr-390,rev-1,fwd-22
bV13fr-391,sample-391,GGAGACAA,AGTTACGA,bV13fr-391,rev-1,fwd-23
bV13fr-392,sample-392,GGAGACAA,GCATATGC,bV13fr-392,rev-1,fwd-24
bV13fr-393,sample-393,AATCAGTC,GCGATATA,bV13fr-393,rev-2,fwd-17
bV13fr-394,sample-394,AATCAGTC,AGTCGTGC,bV13fr-394,rev-2,fwd-18
bV13fr-395,sample-395,AATCAGTC,GTATCTGC,bV13fr-395,rev-2,fwd-19
bV13fr-396,sample-396,AATCAGTC,CGAGGGAA,bV13fr-396,rev-2,fwd-20
bV13fr-397,sample-397,AATCAGTC,CAAATTCG,bV13fr-397,rev-2,fwd-21
bV13fr-398,sample-398,AATCAGTC,AGATTGAC,bV13fr-398,rev-2,fwd-22
bV13fr-399,sample-399,AATCAGTC,AGTTACGA,bV13fr-399,rev-2,fwd-23
bV13fr-400,sample-400,AATCAGTC,GCATATGC,bV13fr-400,rev-2,fwd-24
bV13fr-401,sample-401,AATCCGTA,GCGATATA,bV13fr-401,rev-3,fwd-17
bV13fr-402,sample-402,AATCCGTA,AGTCGTGC,bV13fr-402,rev-3,fwd-18
bV13fr-403,sample-403,AATCCGTA,GTATCTGC,bV13fr-403,rev-3,fwd-19
bV13fr-404,sample-404,AATCCGTA,CGAGGGAA,bV13fr-404,rev-3,fwd-20
bV13fr-405,sample-405,AATCCGTA,CAAATTCG,bV13fr-405,rev-3,fwd-21
bV13fr-406,sample-406,AATCCGTA,AGATTGAC,bV13fr-406,rev-3,fwd-22
bV13fr-407,sample-407,AATCCGTA,AGTTACGA,bV13fr-407,rev-3,fwd-23
bV13fr-408,sample-408,AATCCGTA,GCATATGC,bV13fr-408,rev-3,fwd-24
bV13fr-409,sample-409,ACACCTGG,GCGATATA,bV13fr-409,rev-4,fwd-17
bV13fr-410,sample-410,ACACCTGG,AGTCGTGC,bV13fr-410,rev-4,fwd-18
bV13fr-411,sample-411,ACACCTGG,GTATCTGC,bV13fr-411,rev-4,fwd-19
bV13fr-412,sample-412,ACACCTGG,CGAGGGAA,bV13fr-412,rev-4,fwd-20
bV13fr-413,sample-413,ACACCTGG,CAAATTCG,bV13fr-413,rev-4,fwd-21
bV13fr-414,sample-414,ACACCTGG,AGATTGAC,bV13fr-414,rev-4,fwd-22
bV13fr-415,sample-415,ACACCTGG,AGTTACGA,bV13fr-415,rev-4,fwd-23
bV13fr-416,sample-416,ACACCTGG,GCATATGC,bV13fr-416,rev-4,fwd-24
bV13fr-417,sample-417,TATCGTTG,GCGATATA,bV13fr-417,rev-5,fwd-17
bV13fr-418,sample-418,TATCGTTG,AGTCGTGC,bV13fr-418,rev-5,fwd-18
bV13fr-419,sample-419,TATCGTTG,GTATCTGC,bV13fr-419,rev-5,fwd-19
bV13fr-420,sample-420,TATCGTTG,CGAGGGAA,bV13fr-420,rev-5,fwd-20
bV13fr-421,sample-421,TATCGTTG,CAAATTCG,bV13fr-421,rev-5,fwd-21
bV13fr-422,sample-422,TATCGTTG,AGATTGAC,bV13fr-422,rev-5,fwd-22
bV13fr-423,sample-423,TATCGTTG,AGTTACGA,bV13fr-423,rev-5,fwd-23
bV13fr-424,sample-424,TATCGTTG,GCATATGC,bV13fr-424,rev-5,fwd-24
bV13fr-425,sample-425,TTACTGTG,GCGATATA,bV13fr-425,rev-6,fwd-17
bV13fr-426,sample-426,TTACTGTG,AGTCGTGC,bV13fr-426,rev-6,fwd-18
bV13fr-427,sample-427,TTACTGTG,GTATCTGC,bV13fr-427,rev-6,fwd-19
bV13fr-428,sample-428,TTACTGTG,CGAGGGAA,bV13fr-428,rev-6,fwd-20
bV13fr-429,sample-429,TTACTGTG,CAAATTCG,bV13fr-429,rev-6,fwd-21
bV13fr-430,sample-430,TTACTGTG,AGATTGAC,bV13fr-430,rev-6,fwd-22
bV13fr-431,sample-431,TTACTGTG,AGTTACGA,bV13fr-431,rev-6,fwd-23
bV13fr-432,sample-432,TTACTGTG,GCATATGC,bV13fr-432,rev-6,fwd-24
bV13fr-433,sample-433,AGGCTACA,GCGATATA,bV13fr-433,rev-7,fwd-17
bV13fr-434,sample-434,AGGCTACA,AGTCGTGC,bV13fr-434,rev-7,fwd-18
bV13fr-435,sample-435,AGGCTACA,GTATCTGC,bV13fr-435,rev-7,fwd-19
bV13fr-436,sample-436,AGGCTACA,CGAGGGAA,bV13fr-436,rev-7,fwd-20
bV13fr-437,sample-437,AGGCTACA,CAAATTCG,bV13fr-437,rev-7,fwd-21
bV13fr-438,sample-438,AGGCTACA,AGATTGAC,bV13fr-438,rev-7,fwd-22
bV13fr-439,sample-439,AGGCTACA,AGTTACGA,bV13fr-439,rev-7,fwd-23
bV13fr-440,sample-440,AGGCTACA,GCATATGC,bV13fr-440,rev-7,fwd-24
bV13fr-441,sample-441,CTAACCTC,GCGATATA,bV13fr-441,rev-8,fwd-17
bV13fr-442,sample-442,CTAACCTC,AGTCGTGC,bV13fr-442,rev-8,fwd-18
bV13fr-443,sample-443,CTAACCTC,GTATCTGC,bV13fr-443,rev-8,fwd-19
bV13fr-444,sample-444,CTAACCTC,CGAGGGAA,bV13fr-444,rev-8,fwd-20
bV13fr-445,sample-445,CTAACCTC,CAAATTCG,bV13fr-445,rev-8,fwd-21
bV13fr-446,sample-446,CTAACCTC,AGATTGAC,bV13fr-446,rev-8,fwd-22
bV13fr-447,sample-447,CTAACCTC,AGTTACGA,bV13fr-447,rev-8,fwd-23
bV13fr-448,sample-448,CTAACCTC,GCATATGC,bV13fr-448,rev-8,fwd-24
bV13fr-449,sample-449,GAACCAAA,GCGATATA,bV13fr-449,rev-9,fwd-17
bV13fr-450,sample-450,GAACCAAA,AGTCGTGC,bV13fr-450,rev-9,fwd-18
bV13fr-451,sample-451,GAACCAAA,GTATCTGC,bV13fr-451,rev-9,fwd-19
bV13fr-452,sample-452,GAACCAAA,CGAGGGAA,bV13fr-452,rev-9,fwd-20
bV13fr-453,sample-453,GAACCAAA,CAAATTCG,bV13fr-453,rev-9,fwd-21
bV13fr-454,sample-454,GAACCAAA,AGATTGAC,bV13fr-454,rev-9,fwd-22
bV13fr-455,sample-455,GAACCAAA,AGTTACGA,bV13fr-455,rev-9,fwd-23
bV13fr-456,sample-456,GAACCAAA,GCATATGC,bV13fr-456,rev-9,fwd-24
bV13fr-457,sample-457,GTATGCGC,GCGATATA,bV13fr-457,rev-10,fwd-17
bV13fr-458,sample-458,GTATGCGC,AGTCGTGC,bV13fr-458,rev-10,fwd-18
bV13fr-459,sample-459,GTATGCGC,GTATCTGC,bV13fr-459,rev-10,fwd-19
bV13fr-460,sample-460,GTATGCGC,CGAGGGAA,bV13fr-460,rev-10,fwd-20
bV13fr-461,sample-461,GTATGCGC,CAAATTCG,bV13fr-461,rev-10,fwd-21
bV13fr-462,sample-462,GTATGCGC,AGATTGAC,bV13fr-462,rev-10,fwd-22
bV13fr-463,sample-463,GTATGCGC,AGTTACGA,bV13fr-463,rev-10,fwd-23
bV13fr-464,sample-464,GTATGCGC,GCATATGC,bV13fr-464,rev-10,fwd-24
bV13fr-465,sample-465,GTACATAC,GCGATATA,bV13fr-465,rev-11,fwd-17
bV13fr-466,sample-466,GTACATAC,AGTCGTGC,bV13fr-466,rev-11,fwd-18
bV13fr-467,sample-467,GTACATAC,GTATCTGC,bV13fr-467,rev-11,fwd-19
bV13fr-468,sample-468,GTACATAC,CGAGGGAA,bV13fr-468,rev-11,fwd-20
bV13fr-469,sample-469,GTACATAC,CAAATTCG,bV13fr-469,rev-11,fwd-21
bV13fr-470,sample-470,GTACATAC,AGATTGAC,bV13fr-470,rev-11,fwd-22
bV13fr-471,sample-471,GTACATAC,AGTTACGA,bV13fr-471,rev-11,fwd-23
bV13fr-472,sample-472,GTACATAC,GCATATGC,bV13fr-472,rev-11,fwd-24
bV13fr-473,sample-473,TCCGACAC,GCGATATA,bV13fr-473,rev-12,fwd-17
bV13fr-474,sample-474,TCCGACAC,AGTCGTGC,bV13fr-474,rev-12,fwd-18
bV13fr-475,sample-475,TCCGACAC,GTATCTGC,bV13fr-475,rev-12,fwd-19
bV13fr-476,sample-476,TCCGACAC,CGAGGGAA,bV13fr-476,rev-12,fwd-20
bV13fr-477,sample-477,TCCGACAC,CAAATTCG,bV13fr-477,rev-12,fwd-21
bV13fr-478,sample-478,TCCGACAC,AGATTGAC,bV13fr-478,rev-12,fwd-22
bV13fr-479,sample-479,TCCGACAC,AGTTACGA,bV13fr-479,rev-12,fwd-23
bV13fr-480,sample-480,TCCGACAC,GCATATGC,bV13fr-480,rev-12,fwd-24
bV13fr-481,sample-481,CCAGTGTA,GCGATATA,bV13fr-481,rev-13,fwd-17
bV13fr-482,sample-482,CCAGTGTA,AGTCGTGC,bV13fr-482,rev-13,fwd-18
bV13fr-483,sample-483,CCAGTGTA,GTATCTGC,bV13fr-483,rev-13,fwd-19
bV13fr-484,sample-484,CCAGTGTA,CGAGGGAA,bV13fr-484,rev-13,fwd-20
bV13fr-485,sample-485,CCAGTGTA,CAAATTCG,bV13fr-485,rev-13,fwd-21
bV13fr-486,sample-486,CCAGTGTA,AGATTGAC,bV13fr-486,rev-13,fwd-22
bV13fr-487,sample-487,CCAGTGTA,AGTTACGA,bV13fr-487,rev-13,fwd-23
bV13fr-488,sample-488,CCAGTGTA,GCATATGC,bV13fr-488,rev-13,fwd-24
bV13fr-489,sample-489,CCTCGTTC,GCGATATA,bV13fr-489,rev-14,fwd-17
bV13fr-490,sample-490,CCTCGTTC,AGTCGTGC,bV13fr-490,rev-14,fwd-18
bV13fr-491,sample-491,CCTCGTTC,GTATCTGC,bV13fr-491,rev-14,fwd-19
bV13fr-492,sample-492,CCTCGTTC,CGAGGGAA,bV13fr-492,rev-14,fwd-20
bV13fr-493,sample-493,CCTCGTTC,CAAATTCG,bV13fr-493,rev-14,fwd-21
bV13fr-494,sample-494,CCTCGTTC,AGATTGAC,bV13fr-494,rev-14,fwd-22
bV13fr-495,sample-495,CCTCGTTC,AGTTACGA,bV13fr-495,rev-14,fwd-23
bV13fr-496,sample-496,CCTCGTTC,GCATATGC,bV13fr-496,rev-14,fwd-24
bV13fr-497,sample-497,TGAGTCAC,GCGATATA,bV13fr-497,rev-15,fwd-17
bV13fr-498,sample-498,TGAGTCAC,AGTCGTGC,bV13fr-498,rev-15,fwd-18
bV13fr-499,sample-499,TGAGTCAC,GTATCTGC,bV13fr-499,rev-15,fwd-19
bV13fr-500,sample-500,TGAGTCAC,CGAGGGAA,bV13fr-500,rev-15,fwd-20
bV13fr-501,sample-501,TGAGTCAC,CAAATTCG,bV13fr-501,rev-15,fwd-21
bV13fr-502,sample-502,TGAGTCAC,AGATTGAC,bV13fr-502,rev-15,fwd-22
bV13fr-503,sample-503,TGAGTCAC,AGTTACGA,bV13fr-503,rev-15,fwd-23
bV13fr-504,sample-504,TGAGTCAC,GCATATGC,bV13fr-504,rev-15,fwd-24
bV13fr-505,sample-505,GACTTGGT,GCGATATA,bV13fr-505,rev-16,fwd-17
bV13fr-506,sample-506,GACTTGGT,AGTCGTGC,bV13fr-506,rev-16,fwd-18
bV13fr-507,sample-507,GACTTGGT,GTATCTGC,bV13fr-507,rev-16,fwd-19
bV13fr-508,sample-508,GACTTGGT,CGAGGGAA,bV13fr-508,rev-16,fwd-20
bV13fr-509,sample-509,GACTTGGT,CAAATTCG,bV13fr-509,rev-16,fwd-21
bV13fr-510,sample-510,GACTTGGT,AGATTGAC,bV13fr-510,rev-16,fwd-22
bV13fr-511,sample-511,GACTTGGT,AGTTACGA,bV13fr-511,rev-16,fwd-23
bV13fr-512,sample-512,GACTTGGT,GCATATGC,bV13fr-512,rev-16,fwd-24
bV13fr-513,sample-513,TACACGAT,GCGATATA,bV13fr-513,rev-17,fwd-17
bV13fr-514,sample-514,TACACGAT,AGTCGTGC,bV13fr-514,rev-17,fwd-18
bV13fr-515,sample-515,TACACGAT,GTATCTGC,bV13fr-515,rev-17,fwd-19
bV13fr-516,sample-516,TACACGAT,CGAGGGAA,bV13fr-516,rev-17,fwd-20
bV13fr-517,sample-517,TACACGAT,CAAATTCG,bV13fr-517,rev-17,fwd-21
bV13fr-518,sample-518,TACACGAT,AGATTGAC,bV13fr-518,rev-17,fwd-22
bV13fr-519,sample-519,TACACGAT,AGTTACGA,bV13fr-519,rev-17,fwd-23
bV13fr-520,sample-520,TACACGAT,GCATATGC,bV13fr-520,rev-17,fwd-24
bV13fr-521,sample-521,GCACACAC,GCGATATA,bV13fr-521,rev-18,fwd-17
bV13fr-522,sample-522,GCACACAC,AGTCGTGC,bV13fr-522,rev-18,fwd-18
bV13fr-523,sample-523,GCACACAC,GTATCTGC,bV13fr-523,rev-18,fwd-19
bV13fr-524,sample-524,GCACACAC,CGAGGGAA,bV13fr-524,rev-18,fwd-20
bV13fr-525,sample-525,GCACACAC,CAAATTCG,bV13fr-525,rev-18,fwd-21
bV13fr-526,sample-526,GCACACAC,AGATTGAC,bV13fr-526,rev-18,fwd-22
bV13fr-527,sample-527,GCACACAC,AGTTACGA,bV13fr-527,rev-18,fwd-23
bV13fr-528,sample-528,GCACACAC,GCATATGC,bV13fr-528,rev-18,fwd-24
bV13fr-529,sample-529,CACGCCAT,GCGATATA,bV13fr-529,rev-19,fwd-17
bV13fr-530,sample-530,CACGCCAT,AGTCGTGC,bV13fr-530,rev-19,fwd-18
bV13fr-531,sample-531,CACGCCAT,GTATCTGC,bV13fr-531,rev-19,fwd-19
bV13fr-532,sample-532,CACGCCAT,CGAGGGAA,bV13fr-532,rev-19,fwd-20
bV13fr-533,sample-533,CACGCCAT,CAAATTCG,bV13fr-533,rev-19,fwd-21
bV13fr-534,sample-534,CACGCCAT,AGATTGAC,bV13fr-534,rev-19,fwd-22
bV13fr-535,sample-535,CACGCCAT,AGTTACGA,bV13fr-535,rev-19,fwd-23
bV13fr-536,sample-536,CACGCCAT,GCATATGC,bV13fr-536,rev-19,fwd-24
bV13fr-537,sample-537,CAGGCGTA,GCGATATA,bV13fr-537,rev-20,fwd-17
bV13fr-538,sample-538,CAGGCGTA,AGTCGTGC,bV13fr-538,rev-20,fwd-18
bV13fr-539,sample-539,CAGGCGTA,GTATCTGC,bV13fr-539,rev-20,fwd-19
bV13fr-540,sample-540,CAGGCGTA,CGAGGGAA,bV13fr-540,rev-20,fwd-20
bV13fr-541,sample-541,CAGGCGTA,CAAATTCG,bV13fr-541,rev-20,fwd-21
bV13fr-542,sample-542,CAGGCGTA,AGATTGAC,bV13fr-542,rev-20,fwd-22
bV13fr-543,sample-543,CAGGCGTA,AGTTACGA,bV13fr-543,rev-20,fwd-23
bV13fr-544,sample-544,CAGGCGTA,GCATATGC,bV13fr-544,rev-20,fwd-24
bV13fr-545,sample-545,GGATCGCA,GCGATATA,bV13fr-545,rev-21,fwd-17
bV13fr-546,sample-546,GGATCGCA,AGTCGTGC,bV13fr-546,rev-21,fwd-18
bV13fr-547,sample-547,GGATCGCA,GTATCTGC,bV13fr-547,rev-21,fwd-19
bV13fr-548,sample-548,GGATCGCA,CGAGGGAA,bV13fr-548,rev-21,fwd-20
bV13fr-549,sample-549,GGATCGCA,CAAATTCG,bV13fr-549,rev-21,fwd-21
bV13fr-550,sample-550,GGATCGCA,AGATTGAC,bV13fr-550,rev-21,fwd-22
bV13fr-551,sample-551,GGATCGCA,AGTTACGA,bV13fr-551,rev-21,fwd-23
bV13fr-552,sample-552,GGATCGCA,GCATATGC,bV13fr-552,rev-21,fwd-24
bV13fr-553,sample-553,GCTGATGA,GCGATATA,bV13fr-553,rev-22,fwd-17
bV13fr-554,sample-554,GCTGATGA,AGTCGTGC,bV13fr-554,rev-22,fwd-18
bV13fr-555,sample-555,GCTGATGA,GTATCTGC,bV13fr-555,rev-22,fwd-19
bV13fr-556,sample-556,GCTGATGA,CGAGGGAA,bV13fr-556,rev-22,fwd-20
bV13fr-557,sample-557,GCTGATGA,CAAATTCG,bV13fr-557,rev-22,fwd-21
bV13fr-558,sample-558,GCTGATGA,AGATTGAC,bV13fr-558,rev-22,fwd-22
bV13fr-559,sample-559,GCTGATGA,AGTTACGA,bV13fr-559,rev-22,fwd-23
bV13fr-560,sample-560,GCTGATGA,GCATATGC,bV13fr-560,rev-22,fwd-24
bV13fr-561,sample-561,AGCTGTTG,GCGATATA,bV13fr-561,rev-23,fwd-17
bV13fr-562,sample-562,AGCTGTTG,AGTCGTGC,bV13fr-562,rev-23,fwd-18
bV13fr-563,sample-563,AGCTGTTG,GTATCTGC,bV13fr-563,rev-23,fwd-19
bV13fr-564,sample-564,AGCTGTTG,CGAGGGAA,bV13fr-564,rev-23,fwd-20
bV13fr-565,sample-565,AGCTGTTG,CAAATTCG,bV13fr-565,rev-23,fwd-21
bV13fr-566,sample-566,AGCTGTTG,AGATTGAC,bV13fr-566,rev-23,fwd-22
bV13fr-567,sample-567,AGCTGTTG,AGTTACGA,bV13fr-567,rev-23,fwd-23
bV13fr-568,sample-568,AGCTGTTG,GCATATGC,bV13fr-568,rev-23,fwd-24
bV13fr-569,sample-569,GGATGGTG,GCGATATA,bV13fr-569,rev-24,fwd-17
bV13fr-570,sample-570,GGATGGTG,AGTCGTGC,bV13fr-570,rev-24,fwd-18
bV13fr-571,sample-571,GGATGGTG,GTATCTGC,bV13fr-571,rev-24,fwd-19
bV13fr-572,sample-572,GGATGGTG,CGAGGGAA,bV13fr-572,rev-24,fwd-20
bV13fr-573,sample-573,GGATGGTG,CAAATTCG,bV13fr-573,rev-24,fwd-21
bV13fr-574,sample-574,GGATGGTG,AGATTGAC,bV13fr-574,rev-24,fwd-22
bV13fr-575,sample-575,GGATGGTG,AGTTACGA,bV13fr-575,rev-24,fwd-23
bV13fr-576,sample-576,GGATGGTG,GCATATGC,bV13fr-576,rev-24,fwd-24
nexamp-1,sample-577,TAAGGCGA,CTCTCTAT,nexamp-1,rev-1,fwd-1
nexamp-2,sample-578,TAAGGCGA,TATCCTCT,nexamp-2,rev-1,fwd-2
nexamp-3,sample-579,TAAGGCGA,GTAAGGAG,nexamp-3,rev-1,fwd-3
nexamp-4,sample-580,TAAGGCGA,ACTGCATA,nexamp-4,rev-1,fwd-4
nexamp-5,sample-581,TAAGGCGA,AAGGAGTA,nexamp-5,rev-1,fwd-5
nexamp-6,sample-582,TAAGGCGA,CTAAGCCT,nexamp-6,rev-1,fwd-6
nexamp-7,sample-583,TAAGGCGA,CGTCTAAT,nexamp-7,rev-1,fwd-7
nexamp-8,sample-584,TAAGGCGA,TCTCTCCG,nexamp-8,rev-1,fwd-8
nexamp-9,sample-585,CGTACTAG,CTCTCTAT,nexamp-9,rev-2,fwd-1
nexamp-10,sample-586,CGTACTAG,TATCCTCT,nexamp-10,rev-2,fwd-2
nexamp-11,sample-587,CGTACTAG,GTAAGGAG,nexamp-11,rev-2,fwd-3
nexamp-12,sample-588,CGTACTAG,ACTGCATA,nexamp-12,rev-2,fwd-4
nexamp-13,sample-589,CGTACTAG,AAGGAGTA,nexamp-13,rev-2,fwd-5
nexamp-14,sample-590,CGTACTAG,CTAAGCCT,nexamp-14,rev-2,fwd-6
nexamp-15,sample-591,CGTACTAG,CGTCTAAT,nexamp-15,rev-2,fwd-7
nexamp-16,sample-592,CGTACTAG,TCTCTCCG,nexamp-16,rev-2,fwd-8
nexamp-17,sample-593,AGGCAGAA,CTCTCTAT,nexamp-17,rev-3,fwd-1
nexamp-18,sample-594,AGGCAGAA,TATCCTCT,nexamp-18,rev-3,fwd-2
nexamp-19,sample-595,AGGCAGAA,GTAAGGAG,nexamp-19,rev-3,fwd-3
nexamp-20,sample-596,AGGCAGAA,ACTGCATA,nexamp-20,rev-3,fwd-4
nexamp-21,sample-597,AGGCAGAA,AAGGAGTA,nexamp-21,rev-3,fwd-5
nexamp-22,sample-598,AGGCAGAA,CTAAGCCT,nexamp-22,rev-3,fwd-6
nexamp-23,sample-599,AGGCAGAA,CGTCTAAT,nexamp-23,rev-3,fwd-7
nexamp-24,sample-600,AGGCAGAA,TCTCTCCG,nexamp-24,rev-3,fwd-8
nexamp-25,sample-601,TCCTGAGC,CTCTCTAT,nexamp-25,rev-4,fwd-1
nexamp-26,sample-602,TCCTGAGC,TATCCTCT,nexamp-26,rev-4,fwd-2
nexamp-27,sample-603,TCCTGAGC,GTAAGGAG,nexamp-27,rev-4,fwd-3
nexamp-28,sample-604,TCCTGAGC,ACTGCATA,nexamp-28,rev-4,fwd-4
nexamp-29,sample-605,TCCTGAGC,AAGGAGTA,nexamp-29,rev-4,fwd-5
nexamp-30,sample-606,TCCTGAGC,CTAAGCCT,nexamp-30,rev-4,fwd-6
nexamp-31,sample-607,TCCTGAGC,CGTCTAAT,nexamp-31,rev-4,fwd-7
nexamp-32,sample-608,TCCTGAGC,TCTCTCCG,nexamp-32,rev-4,fwd-8
nexamp-33,sample-609,GGACTCCT,CTCTCTAT,nexamp-33,rev-5,fwd-1
nexamp-34,sample-610,GGACTCCT,TATCCTCT,nexamp-34,rev-5,fwd-2
nexamp-35,sample-611,GGACTCCT,GTAAGGAG,nexamp-35,rev-5,fwd-3
nexamp-36,sample-612,GGACTCCT,ACTGCATA,nexamp-36,rev-5,fwd-4
nexamp-37,sample-613,GGACTCCT,AAGGAGTA,nexamp-37,rev-5,fwd-5
nexamp-38,sample-614,GGACTCCT,CTAAGCCT,nexamp-38,rev-5,fwd-6
nexamp-39,sample-615,GGACTCCT,CGTCTAAT,nexamp-39,rev-5,fwd-7
nexamp-40,sample-616,GGACTCCT,TCTCTCCG,nexamp-40,rev-5,fwd-8
nexamp-41,sample-617,TAGGCATG,CTCTCTAT,nexamp-41,rev-6,fwd-1
nexamp-42,sample-618,TAGGCATG,TATCCTCT,nexamp-42,rev-6,fwd-2
nexamp-43,sample-619,TAGGCATG,GTAAGGAG,nexamp-43,rev-6,fwd-3
nexamp-44,sample-620,TAGGCATG,ACTGCATA,nexamp-44,rev-6,fwd-4
nexamp-45,sample-621,TAGGCATG,AAGGAGTA,nexamp-45,rev-6,fwd-5
nexamp-46,sample-622,TAGGCATG,CTAAGCCT,nexamp-46,rev-6,fwd-6
nexamp-47,sample-623,TAGGCATG,CGTCTAAT,nexamp-47,rev-6,fwd-7
nexamp-48,sample-624,TAGGCATG,TCTCTCCG,nexamp-48,rev-6,fwd-8
nexamp-49,sample-625,CTCTCTAC,CTCTCTAT,nexamp-49,rev-7,fwd-1
nexamp-50,sample-626,CTCTCTAC,TATCCTCT,nexamp-50,rev-7,fwd-2
nexamp-51,sample-627,CTCTCTAC,GTAAGGAG,nexamp-51,rev-7,fwd-3
nexamp-52,sample-628,CTCTCTAC,ACTGCATA,nexamp-52,rev-7,fwd-4
nexamp-53,sample-629,CTCTCTAC,AAGGAGTA,nexamp-53,rev-7,fwd-5
nexamp-54,sample-630,CTCTCTAC,CTAAGCCT,nexamp-54,rev-7,fwd-6
nexamp-55,sample-631,CTCTCTAC,CGTCTAAT,nexamp-55,rev-7,fwd-7
nexamp-56,sample-632,CTCTCTAC,TCTCTCCG,nexamp-56,rev-7,fwd-8
nexamp-57,sample-633,CGAGGCTG,CTCTCTAT,nexamp-57,rev-8,fwd-1
nexamp-58,sample-634,CGAGGCTG,TATCCTCT,nexamp-58,rev-8,fwd-2
nexamp-59,sample-635,CGAGGCTG,GTAAGGAG,nexamp-59,rev-8,fwd-3
nexamp-60,sample-636,CGAGGCTG,ACTGCATA,nexamp-60,rev-8,fwd-4
nexamp-61,sample-637,CGAGGCTG,AAGGAGTA,nexamp-61,rev-8,fwd-5
nexamp-62,sample-638,CGAGGCTG,CTAAGCCT,nexamp-62,rev-8,fwd-6
nexamp-63,sample-639,CGAGGCTG,CGTCTAAT,nexamp-63,rev-8,fwd-7
nexamp-64,sample-640,CGAGGCTG,TCTCTCCG,nexamp-64,rev-8,fwd-8
nexamp-65,sample-641,AAGAGGCA,CTCTCTAT,nexamp-65,rev-9,fwd-1
nexamp-66,sample-642,AAGAGGCA,TATCCTCT,nexamp-66,rev-9,fwd-2
nexamp-67,sample-643,AAGAGGCA,GTAAGGAG,nexamp-67,rev-9,fwd-3
nexamp-68,sample-644,AAGAGGCA,ACTGCATA,nexamp-68,rev-9,fwd-4
nexamp-69,sample-645,AAGAGGCA,AAGGAGTA,nexamp-69,rev-9,fwd-5
nexamp-70,sample-646,AAGAGGCA,CTAAGCCT,nexamp-70,rev-9,fwd-6
nexamp-71,sample-647,AAGAGGCA,CGTCTAAT,nexamp-71,rev-9,fwd-7
nexamp-72,sample-648,AAGAGGCA,TCTCTCCG,nexamp-72,rev-9,fwd-8
nexamp-73,sample-649,GTAGAGGA,CTCTCTAT,nexamp-73,rev-10,fwd-1
nexamp-74,sample-650,GTAGAGGA,TATCCTCT,nexamp-74,rev-10,fwd-2
nexamp-75,sample-651,GTAGAGGA,GTAAGGAG,nexamp-75,rev-10,fwd-3
nexamp-76,sample-652,GTAGAGGA,ACTGCATA,nexamp-76,rev-10,fwd-4
nexamp-77,sample-653,GTAGAGGA,AAGGAGTA,nexamp-77,rev-10,fwd-5
nexamp-78,sample-654,GTAGAGGA,CTAAGCCT,nexamp-78,rev-10,fwd-6
nexamp-79,sample-655,GTAGAGGA,CGTCTAAT,nexamp-79,rev-10,fwd-7
nexamp-80,sample-656,GTAGAGGA,TCTCTCCG,nexamp-80,rev-10,fwd-8
nexamp-81,sample-657,GCTCATGA,CTCTCTAT,nexamp-81,rev-11,fwd-1
nexamp-82,sample-658,GCTCATGA,TATCCTCT,nexamp-82,rev-11,fwd-2
nexamp-83,sample-659,GCTCATGA,GTAAGGAG,nexamp-83,rev-11,fwd-3
nexamp-84,sample-660,GCTCATGA,ACTGCATA,nexamp-84,rev-11,fwd-4
nexamp-85,sample-661,GCTCATGA,AAGGAGTA,nexamp-85,rev-11,fwd-5
nexamp-86,sample-662,GCTCATGA,CTAAGCCT,nexamp-86,rev-11,fwd-6
nexamp-87,sample-663,GCTCATGA,CGTCTAAT,nexamp-87,rev-11,fwd-7
nexamp-88,sample-664,GCTCATGA,TCTCTCCG,nexamp-88,rev-11,fwd-8
nexamp-89,sample-665,ATCTCAGG,CTCTCTAT,nexamp-89,rev-12,fwd-1
nexamp-90,sample-666,ATCTCAGG,TATCCTCT,nexamp-90,rev-12,fwd-2
nexamp-91,sample-667,ATCTCAGG,GTAAGGAG,nexamp-91,rev-12,fwd-3
nexamp-92,sample-668,ATCTCAGG,ACTGCATA,nexamp-92,rev-12,fwd-4
nexamp-93,sample-669,ATCTCAGG,AAGGAGTA,nexamp-93,rev-12,fwd-5
nexamp-94,sample-670,ATCTCAGG,CTAAGCCT,nexamp-94,rev-12,fwd-6
nexamp-95,sample-671,ATCTCAGG,CGTCTAAT,nexamp-95,rev-12,fwd-7
nexamp-96,sample-672,ATCTCAGG,TCTCTCCG,nexamp-96,rev-12,fwd-8
nexamp-97,sample-673,TAAGGCGA,TCGACTAG,nexamp-97,rev-1,fwd-9
nexamp-98,sample-674,TAAGGCGA,TTCTAGCT,nexamp-98,rev-1,fwd-10
nexamp-99,sample-675,TAAGGCGA,CCTAGAGT,nexamp-99,rev-1,fwd-11
nexamp-100,sample-676,TAAGGCGA,GCGTAAGA,nexamp-100,rev-1,fwd-12
nexamp-101,sample-677,TAAGGCGA,CTATTAAG,nexamp-101,rev-1,fwd-13
nexamp-102,sample-678,TAAGGCGA,AAGGCTAT,nexamp-102,rev-1,fwd-14
nexamp-103,sample-679,TAAGGCGA,GAGCCTTA,nexamp-103,rev-1,fwd-15
nexamp-104,sample-680,TAAGGCGA,TTATGCGA,nexamp-104,rev-1,fwd-16
nexamp-105,sample-681,CGTACTAG,TCGACTAG,nexamp-105,rev-2,fwd-9
nexamp-106,sample-682,CGTACTAG,TTCTAGCT,nexamp-106,rev-2,fwd-10
nexamp-107,sample-683,CGTACTAG,CCTAGAGT,nexamp-107,rev-2,fwd-11
nexamp-108,sample-684,CGTACTAG,GCGTAAGA,nexamp-108,rev-2,fwd-12
nexamp-109,sample-685,CGTACTAG,CTATTAAG,nexamp-109,rev-2,fwd-13
nexamp-110,sample-686,CGTACTAG,AAGGCTAT,nexamp-110,rev-2,fwd-14
nexamp-111,sample-687,CGTACTAG,GAGCCTTA,nexamp-111,rev-2,fwd-15
nexamp-112,sample-688,CGTACTAG,TTATGCGA,nexamp-112,rev-2,fwd-16
nexamp-113,sample-689,AGGCAGAA,TCGACTAG,nexamp-113,rev-3,fwd-9
nexamp-114,sample-690,AGGCAGAA,TTCTAGCT,nexamp-114,rev-3,fwd-10
nexamp-115,sample-691,AGGCAGAA,CCTAGAGT,nexamp-115,rev-3,fwd-11
nexamp-116,sample-692,AGGCAGAA,GCGTAAGA,nexamp-116,rev-3,fwd-12
nexamp-117,sample-693,AGGCAGAA,CTATTAAG,nexamp-117,rev-3,fwd-13
nexamp-118,sample-694,AGGCAGAA,AAGGCTAT,nexamp-118,rev-3,fwd-14
nexamp-119,sample-695,AGGCAGAA,GAGCCTTA,nexamp-119,rev-3,fwd-15
nexamp-120,sample-696,AGGCAGAA,TTATGCGA,nexamp-120,rev-3,fwd-16
nexamp-121,sample-697,TCCTGAGC,TCGACTAG,nexamp-121,rev-4,fwd-9
nexamp-122,sample-698,TCCTGAGC,TTCTAGCT,nexamp-122,rev-4,fwd-10
nexamp-123,sample-699,TCCTGAGC,CCTAGAGT,nexamp-123,rev-4,fwd-11
nexamp-124,sample-700,TCCTGAGC,GCGTAAGA,nexamp-124,rev-4,fwd-12
nexamp-125,sample-701,TCCTGAGC,CTATTAAG,nexamp-125,rev-4,fwd-13
nexamp-126,sample-702,TCCTGAGC,AAGGCTAT,nexamp-126,rev-4,fwd-14
nexamp-127,sample-703,TCCTGAGC,GAGCCTTA,nexamp-127,rev-4,fwd-15
nexamp-128,sample-704,TCCTGAGC,TTATGCGA,nexamp-128,rev-4,fwd-16
nexamp-129,sample-705,GGACTCCT,TCGACTAG,nexamp-129,rev-5,fwd-9
nexamp-130,sample-706,GGACTCCT,TTCTAGCT,nexamp-130,rev-5,fwd-10
nexamp-131,sample-707,GGACTCCT,CCTAGAGT,nexamp-131,rev-5,fwd-11
nexamp-132,sample-708,GGACTCCT,GCGTAAGA,nexamp-132,rev-5,fwd-12
nexamp-133,sample-709,GGACTCCT,CTATTAAG,nexamp-133,rev-5,fwd-13
nexamp-134,sample-710,GGACTCCT,AAGGCTAT,nexamp-134,rev-5,fwd-14
nexamp-135,sample-711,GGACTCCT,GAGCCTTA,nexamp-135,rev-5,fwd-15
nexamp-136,sample-712,GGACTCCT,TTATGCGA,nexamp-136,rev-5,fwd-16
nexamp-137,sample-713,TAGGCATG,TCGACTAG,nexamp-137,rev-6,fwd-9
nexamp-138,sample-714,TAGGCATG,TTCTAGCT,nexamp-138,rev-6,fwd-10
nexamp-139,sample-715,TAGGCATG,CCTAGAGT,nexamp-139,rev-6,fwd-11
nexamp-140,sample-716,TAGGCATG,GCGTAAGA,nexamp-140,rev-6,fwd-12
nexamp-141,sample-717,TAGGCATG,CTATTAAG,nexamp-141,rev-6,fwd-13
nexamp-142,sample-718,TAGGCATG,AAGGCTAT,nexamp-142,rev-6,fwd-14
nexamp-143,sample-719,TAGGCATG,GAGCCTTA,nexamp-143,rev-6,fwd-15
nexamp-144,sample-720,TAGGCATG,TTATGCGA,nexamp-144,rev-6,fwd-16
nexamp-145,sample-721,CTCTCTAC,TCGACTAG,nexamp-145,rev-7,fwd-9
nexamp-146,sample-722,CTCTCTAC,TTCTAGCT,nexamp-146,rev-7,fwd-10
nexamp-147,sample-723,CTCTCTAC,CCTAGAGT,nexamp-147,rev-7,fwd-11
nexamp-148,sample-724,CTCTCTAC,GCGTAAGA,nexamp-148,rev-7,fwd-12
nexamp-149,sample-725,CTCTCTAC,CTATTAAG,nexamp-149,rev-7,fwd-13
nexamp-150,sample-726,CTCTCTAC,AAGGCTAT,nexamp-150,rev-7,fwd-14
nexamp-151,sample-727,CTCTCTAC,GAGCCTTA,nexamp-151,rev-7,fwd-15
nexamp-152,sample-728,CTCTCTAC,TTATGCGA,nexamp-152,rev-7,fwd-16
nexamp-153,sample-729,CGAGGCTG,TCGACTAG,nexamp-153,rev-8,fwd-9
nexamp-154,sample-730,CGAGGCTG,TTCTAGCT,nexamp-154,rev-8,fwd-10
nexamp-155,sample-731,CGAGGCTG,CCTAGAGT,nexamp-155,rev-8,fwd-11
nexamp-156,sample-732,CGAGGCTG,GCGTAAGA,nexamp-156,rev-8,fwd-12
nexamp-157,sample-733,CGAGGCTG,CTATTAAG,nexamp-157,rev-8,fwd-13
nexamp-158,sample-734,CGAGGCTG,AAGGCTAT,nexamp-158,rev-8,fwd-14
nexamp-159,sample-735,CGAGGCTG,GAGCCTTA,nexamp-159,rev-8,fwd-15
nexamp-160,sample-736,CGAGGCTG,TTATGCGA,nexamp-160,rev-8,fwd-16
nexamp-161,sample-737,AAGAGGCA,TCGACTAG,nexamp-161,rev-9,fwd-9
nexamp-162,sample-738,AAGAGGCA,TTCTAGCT,nexamp-162,rev-9,fwd-10
nexamp-163,sample-739,AAGAGGCA,CCTAGAGT,nexamp-163,rev-9,fwd-11
nexamp-164,sample-740,AAGAGGCA,GCGTAAGA,nexamp-164,rev-9,fwd-12
nexamp-165,sample-741,AAGAGGCA,CTATTAAG,nexamp-165,rev-9,fwd-13
nexamp-166,sample-742,AAGAGGCA,AAGGCTAT,nexamp-166,rev-9,fwd-14
nexamp-167,sample-743,AAGAGGCA,GAGCCTTA,nexamp-167,rev-9,fwd-15
nexamp-168,sample-744,AAGAGGCA,TTATGCGA,nexamp-168,rev-9,fwd-16
nexamp-169,sample-745,GTAGAGGA,TCGACTAG,nexamp-169,rev-10,fwd-9
nexamp-170,sample-746,GTAGAGGA,TTCTAGCT,nexamp-170,rev-10,fwd-10
nexamp-171,sample-747,GTAGAGGA,CCTAGAGT,nexamp-171,rev-10,fwd-11
nexamp-172,sample-748,GTAGAGGA,GCGTAAGA,nexamp-172,rev-10,fwd-12
nexamp-173,sample-749,GTAGAGGA,CTATTAAG,nexamp-173,rev-10,fwd-13
nexamp-174,sample-750,GTAGAGGA,AAGGCTAT,nexamp-174,rev-10,fwd-14
nexamp-175,sample-751,GTAGAGGA,GAGCCTTA,nexamp-175,rev-10,fwd-15
nexamp-176,sample-752,GTAGAGGA,TTATGCGA,nexamp-176,rev-10,fwd-16
nexamp-177,sample-753,GCTCATGA,TCGACTAG,nexamp-177,rev-11,fwd-9
nexamp-178,sample-754,GCTCATGA,TTCTAGCT,nexamp-178,rev-11,fwd-10
nexamp-179,sample-755,GCTCATGA,CCTAGAGT,nexamp-179,rev-11,fwd-11
nexamp-180,sample-756,GCTCATGA,GCGTAAGA,nexamp-180,rev-11,fwd-12
nexamp-181,sample-757,GCTCATGA,CTATTAAG,nexamp-181,rev-11,fwd-13
nexamp-182,sample-758,GCTCATGA,AAGGCTAT,nexamp-182,rev-11,fwd-14
nexamp-183,sample-759,GCTCATGA,GAGCCTTA,nexamp-183,rev-11,fwd-15
nexamp-184,sample-760,GCTCATGA,TTATGCGA,nexamp-184,rev-11,fwd-16
nexamp-185,sample-761,ATCTCAGG,TCGACTAG,nexamp-185,rev-12,fwd-9
nexamp-186,sample-762,ATCTCAGG,TTCTAGCT,nexamp-186,rev-12,fwd-10
nexamp-187,sample-763,ATCTCAGG,CCTAGAGT,nexamp-187,rev-12,fwd-11
nexamp-188,sample-764,ATCTCAGG,GCGTAAGA,nexamp-188,rev-12,fwd-12
nexamp-189,sample-765,ATCTCAGG,CTATTAAG,nexamp-189,rev-12,fwd-13
nexamp-190,sample-766,ATCTCAGG,AAGGCTAT,nexamp-190,rev-12,fwd-14
nexamp-191,sample-767,ATCTCAGG,GAGCCTTA,nexamp-191,rev-12,fwd-15
nexamp-192,sample-768,ATCTCAGG,TTATGCGA,nexamp-192,rev-12,fwd-16
nexamp-193,sample-769,ACTCGCTA,CTCTCTAT,nexamp-193,rev-13,fwd-1
nexamp-194,sample-770,ACTCGCTA,TATCCTCT,nexamp-194,rev-13,fwd-2
nexamp-195,sample-771,ACTCGCTA,GTAAGGAG,nexamp-195,rev-13,fwd-3
nexamp-196,sample-772,ACTCGCTA,ACTGCATA,nexamp-196,rev-13,fwd-4
nexamp-197,sample-773,ACTCGCTA,AAGGAGTA,nexamp-197,rev-13,fwd-5
nexamp-198,sample-774,ACTCGCTA,CTAAGCCT,nexamp-198,rev-13,fwd-6
nexamp-199,sample-775,ACTCGCTA,CGTCTAAT,nexamp-199,rev-13,fwd-7
nexamp-200,sample-776,ACTCGCTA,TCTCTCCG,nexamp-200,rev-13,fwd-8
nexamp-201,sample-777,GGAGCTAC,CTCTCTAT,nexamp-201,rev-14,fwd-1
nexamp-202,sample-778,GGAGCTAC,TATCCTCT,nexamp-202,rev-14,fwd-2
nexamp-203,sample-779,GGAGCTAC,GTAAGGAG,nexamp-203,rev-14,fwd-3
nexamp-204,sample-780,GGAGCTAC,ACTGCATA,nexamp-204,rev-14,fwd-4
nexamp-205,sample-781,GGAGCTAC,AAGGAGTA,nexamp-205,rev-14,fwd-5
nexamp-206,sample-782,GGAGCTAC,CTAAGCCT,nexamp-206,rev-14,fwd-6
nexamp-207,sample-783,GGAGCTAC,CGTCTAAT,nexamp-207,rev-14,fwd-7
nexamp-208,sample-784,GGAGCTAC,TCTCTCCG,nexamp-208,rev-14,fwd-8
nexamp-209,sample-785,GCGTAGTA,CTCTCTAT,nexamp-209,rev-15,fwd-1
nexamp-210,sample-786,GCGTAGTA,TATCCTCT,nexamp-210,rev-15,fwd-2
nexamp-211,sample-787,GCGTAGTA,GTAAGGAG,nexamp-211,rev-15,fwd-3
nexamp-212,sample-788,GCGTAGTA,ACTGCATA,nexamp-212,rev-15,fwd-4
nexamp-213,sample-789,GCGTAGTA,AAGGAGTA,nexamp-213,rev-15,fwd-5
nexamp-214,sample-790,GCGTAGTA,CTAAGCCT,nexamp-214,rev-15,fwd-6
nexamp-215,sample-791,GCGTAGTA,CGTCTAAT,nexamp-215,rev-15,fwd-7
nexamp-216,sample-792,GCGTAGTA,TCTCTCCG,nexamp-216,rev-15,fwd-8
nexamp-217,sample-793,CGGAGCCT,CTCTCTAT,nexamp-217,rev-16,fwd-1
nexamp-218,sample-794,CGGAGCCT,TATCCTCT,nexamp-218,rev-16,fwd-2
nexamp-219,sample-795,CGGAGCCT,GTAAGGAG,nexamp-219,rev-16,fwd-3
nexamp-220,sample-796,CGGAGCCT,ACTGCATA,nexamp-220,rev-16,fwd-4
nexamp-221,sample-797,CGGAGCCT,AAGGAGTA,nexamp-221,rev-16,fwd-5
nexamp-222,sample-798,CGGAGCCT,CTAAGCCT,nexamp-222,rev-16,fwd-6
nexamp-223,sample-799,CGGAGCCT,CGTCTAAT,nexamp-223,rev-16,fwd-7
nexamp-224,sample-800,CGGAGCCT,TCTCTCCG,nexamp-224,rev-16,fwd-8
nexamp-225,sample-801,TACGCTGC,CTCTCTAT,nexamp-225,rev-17,fwd-1
nexamp-226,sample-802,TACGCTGC,TATCCTCT,nexamp-226,rev-17,fwd-2
nexamp-227,sample-803,TACGCTGC,GTAAGGAG,nexamp-227,rev-17,fwd-3
nexamp-228,sample-804,TACGCTGC,ACTGCATA,nexamp-228,rev-17,fwd-4
nexamp-229,sample-805,TACGCTGC,AAGGAGTA,nexamp-229,rev-17,fwd-5
nexamp-230,sample-806,TACGCTGC,CTAAGCCT,nexamp-230,rev-17,fwd-6
nexamp-231,sample-807,TACGCTGC,CGTCTAAT,nexamp-231,rev-17,fwd-7
nexamp-232,sample-808,TACGCTGC,TCTCTCCG,nexamp-232,rev-17,fwd-8
nexamp-233,sample-809,ATGCGCAG,CTCTCTAT,nexamp-233,rev-18,fwd-1
nexamp-234,sample-810,ATGCGCAG,TATCCTCT,nexamp-234,rev-18,fwd-2
nexamp-235,sample-811,ATGCGCAG,GTAAGGAG,nexamp-235,rev-18,fwd-3
nexamp-236,sample-812,ATGCGCAG,ACTGCATA,nexamp-236,rev-18,fwd-4
nexamp-237,sample-813,ATGCGCAG,AAGGAGTA,nexamp-237,rev-18,fwd-5
nexamp-238,sample-814,ATGCGCAG,CTAAGCCT,nexamp-238,rev-18,fwd-6
nexamp-239,sample-815,ATGCGCAG,CGTCTAAT,nexamp-239,rev-18,fwd-7
nexamp-240,sample-816,ATGCGCAG,TCTCTCCG,nexamp-240,rev-18,fwd-8
nexamp-241,sample-817,TAGCGCTC,CTCTCTAT,nexamp-241,rev-19,fwd-1
nexamp-242,sample-818,TAGCGCTC,TATCCTCT,nexamp-242,rev-19,fwd-2
nexamp-243,sample-819,TAGCGCTC,GTAAGGAG,nexamp-243,rev-19,fwd-3
nexamp-244,sample-820,TAGCGCTC,ACTGCATA,nexamp-244,rev-19,fwd-4
nexamp-245,sample-821,TAGCGCTC,AAGGAGTA,nexamp-245,rev-19,fwd-5
nexamp-246,sample-822,TAGCGCTC,CTAAGCCT,nexamp-246,rev-19,fwd-6
nexamp-247,sample-823,TAGCGCTC,CGTCTAAT,nexamp-247,rev-19,fwd-7
nexamp-248,sample-824,TAGCGCTC,TCTCTCCG,nexamp-248,rev-19,fwd-8
nexamp-249,sample-825,ACTGAGCG,CTCTCTAT,nexamp-249,rev-20,fwd-1
nexamp-250,sample-826,ACTGAGCG,TATCCTCT,nexamp-250,rev-20,fwd-2
nexamp-251,sample-827,ACTGAGCG,GTAAGGAG,nexamp-251,rev-20,fwd-3
nexamp-252,sample-828,ACTGAGCG,ACTGCATA,nexamp-252,rev-20,fwd-4
nexamp-253,sample-829,ACTGAGCG,AAGGAGTA,nexamp-253,rev-20,fwd-5
nexamp-254,sample-830,ACTGAGCG,CTAAGCCT,nexamp-254,rev-20,fwd-6
nexamp-255,sample-831,ACTGAGCG,CGTCTAAT,nexamp-255,rev-20,fwd-7
nexamp-256,sample-832,ACTGAGCG,TCTCTCCG,nexamp-256,rev-20,fwd-8
nexamp-257,sample-833,CCTAAGAC,CTCTCTAT,nexamp-257,rev-21,fwd-1
nexamp-258,sample-834,CCTAAGAC,TATCCTCT,nexamp-258,rev-21,fwd-2
nexamp-259,sample-835,CCTAAGAC,GTAAGGAG,nexamp-259,rev-21,fwd-3
nexamp-260,sample-836,CCTAAGAC,ACTGCATA,nexamp-260,rev-21,fwd-4
nexamp-261,sample-837,CCTAAGAC,AAGGAGTA,nexamp-261,rev-21,fwd-5
nexamp-262,sample-838,CCTAAGAC,CTAAGCCT,nexamp-262,rev-21,fwd-6
nexamp-263,sample-839,CCTAAGAC,CGTCTAAT,nexamp-263,rev-21,fwd-7
nexamp-264,sample-840,CCTAAGAC,TCTCTCCG,nexamp-264,rev-21,fwd-8
nexamp-265,sample-841,CGATCAGT,CTCTCTAT,nexamp-265,rev-22,fwd-1
nexamp-266,sample-842,CGATCAGT,TATCCTCT,nexamp-266,rev-22,fwd-2
nexamp-267,sample-843,CGATCAGT,GTAAGGAG,nexamp-267,rev-22,fwd-3
nexamp-268,sample-844,CGATCAGT,ACTGCATA,nexamp-268,rev-22,fwd-4
nexamp-269,sample-845,CGATCAGT,AAGGAGTA,nexamp-269,rev-22,fwd-5
nexamp-270,sample-846,CGATCAGT,CTAAGCCT,nexamp-270,rev-22,fwd-6
nexamp-271,sample-847,CGATCAGT,CGTCTAAT,nexamp-271,rev-22,fwd-7
nexamp-272,sample-848,CGATCAGT,TCTCTCCG,nexamp-272,rev-22,fwd-8
nexamp-273,sample-849,TGCAGCTA,CTCTCTAT,nexamp-273,rev-23,fwd-1
nexamp-274,sample-850,TGCAGCTA,TATCCTCT,nexamp-274,rev-23,fwd-2
nexamp-275,sample-851,TGCAGCTA,GTAAGGAG,nexamp-275,rev-23,fwd-3
nexamp-276,sample-852,TGCAGCTA,ACTGCATA,nexamp-276,rev-23,fwd-4
nexamp-277,sample-853,TGCAGCTA,AAGGAGTA,nexamp-277,rev-23,fwd-5
nexamp-278,sample-854,TGCAGCTA,CTAAGCCT,nexamp-278,rev-23,fwd-6
nexamp-279,sample-855,TGCAGCTA,CGTCTAAT,nexamp-279,rev-23,fwd-7
nexamp-280,sample-856,TGCAGCTA,TCTCTCCG,nexamp-280,rev-23,fwd-8
nexamp-281,sample-857,TCGACGTC,CTCTCTAT,nexamp-281,rev-24,fwd-1
nexamp-282,sample-858,TCGACGTC,TATCCTCT,nexamp-282,rev-24,fwd-2
nexamp-283,sample-859,TCGACGTC,GTAAGGAG,nexamp-283,rev-24,fwd-3
nexamp-284,sample-860,TCGACGTC,ACTGCATA,nexamp-284,rev-24,fwd-4
nexamp-285,sample-861,TCGACGTC,AAGGAGTA,nexamp-285,rev-24,fwd-5
nexamp-286,sample-862,TCGACGTC,CTAAGCCT,nexamp-286,rev-24,fwd-6
nexamp-287,sample-863,TCGACGTC,CGTCTAAT,nexamp-287,rev-24,fwd-7
nexamp-288,sample-864,TCGACGTC,TCTCTCCG,nexamp-288,rev-24,fwd-8
nexamp-289,sample-865,ACTCGCTA,TCGACTAG,nexamp-289,rev-13,fwd-9
nexamp-290,sample-866,ACTCGCTA,TTCTAGCT,nexamp-290,rev-13,fwd-10
nexamp-291,sample-867,ACTCGCTA,CCTAGAGT,nexamp-291,rev-13,fwd-11
nexamp-292,sample-868,ACTCGCTA,GCGTAAGA,nexamp-292,rev-13,fwd-12
nexamp-293,sample-869,ACTCGCTA,CTATTAAG,nexamp-293,rev-13,fwd-13
nexamp-294,sample-870,ACTCGCTA,AAGGCTAT,nexamp-294,rev-13,fwd-14
nexamp-295,sample-871,ACTCGCTA,GAGCCTTA,nexamp-295,rev-13,fwd-15
nexamp-296,sample-872,ACTCGCTA,TTATGCGA,nexamp-296,rev-13,fwd-16
nexamp-297,sample-873,GGAGCTAC,TCGACTAG,nexamp-297,rev-14,fwd-9
nexamp-298,sample-874,GGAGCTAC,TTCTAGCT,nexamp-298,rev-14,fwd-10
nexamp-299,sample-875,GGAGCTAC,CCTAGAGT,nexamp-299,rev-14,fwd-11
nexamp-300,sample-876,GGAGCTAC,GCGTAAGA,nexamp-300,rev-14,fwd-12
nexamp-301,sample-877,GGAGCTAC,CTATTAAG,nexamp-301,rev-14,fwd-13
nexamp-302,sample-878,GGAGCTAC,AAGGCTAT,nexamp-302,rev-14,fwd-14
nexamp-303,sample-879,GGAGCTAC,GAGCCTTA,nexamp-303,rev-14,fwd-15
nexamp-304,sample-880,GGAGCTAC,TTATGCGA,nexamp-304,rev-14,fwd-16
nexamp-305,sample-881,GCGTAGTA,TCGACTAG,nexamp-305,rev-15,fwd-9
nexamp-306,sample-882,GCGTAGTA,TTCTAGCT,nexamp-306,rev-15,fwd-10
nexamp-307,sample-883,GCGTAGTA,CCTAGAGT,nexamp-307,rev-15,fwd-11
nexamp-308,sample-884,GCGTAGTA,GCGTAAGA,nexamp-308,rev-15,fwd-12
nexamp-309,sample-885,GCGTAGTA,CTATTAAG,nexamp-309,rev-15,fwd-13
nexamp-310,sample-886,GCGTAGTA,AAGGCTAT,nexamp-310,rev-15,fwd-14
nexamp-311,sample-887,GCGTAGTA,GAGCCTTA,nexamp-311,rev-15,fwd-15
nexamp-312,sample-888,GCGTAGTA,TTATGCGA,nexamp-312,rev-15,fwd-16
nexamp-313,sample-889,CGGAGCCT,TCGACTAG,nexamp-313,rev-16,fwd-9
nexamp-314,sample-890,CGGAGCCT,TTCTAGCT,nexamp-314,rev-16,fwd-10
nexamp-315,sample-891,CGGAGCCT,CCTAGAGT,nexamp-315,rev-16,fwd-11
nexamp-316,sample-892,CGGAGCCT,GCGTAAGA,nexamp-316,rev-16,fwd-12
nexamp-317,sample-893,CGGAGCCT,CTATTAAG,nexamp-317,rev-16,fwd-13
nexamp-318,sample-894,CGGAGCCT,AAGGCTAT,nexamp-318,rev-16,fwd-14
nexamp-319,sample-895,CGGAGCCT,GAGCCTTA,nexamp-319,rev-16,fwd-15
nexamp-320,sample-896,CGGAGCCT,TTATGCGA,nexamp-320,rev-16,fwd-16
nexamp-321,sample-897,TACGCTGC,TCGACTAG,nexamp-321,rev-17,fwd-9
nexamp-322,sample-898,TACGCTGC,TTCTAGCT,nexamp-322,rev-17,fwd-10
nexamp-323,sample-899,TACGCTGC,CCTAGAGT,nexamp-323,rev-17,fwd-11
nexamp-324,sample-900,TACGCTGC,GCGTAAGA,nexamp-324,rev-17,fwd-12
nexamp-325,sample-901,TACGCTGC,CTATTAAG,nexamp-325,rev-17,fwd-13
nexamp-326,sample-902,TACGCTGC,AAGGCTAT,nexamp-326,rev-17,fwd-14
nexamp-327,sample-903,TACGCTGC,GAGCCTTA,nexamp-327,rev-17,fwd-15
nexamp-328,sample-904,TACGCTGC,TTATGCGA,nexamp-328,rev-17,fwd-16
nexamp-329,sample-905,ATGCGCAG,TCGACTAG,nexamp-329,rev-18,fwd-9
nexamp-330,sample-906,ATGCGCAG,TTCTAGCT,nexamp-330,rev-18,fwd-10
nexamp-331,sample-907,ATGCGCAG,CCTAGAGT,nexamp-331,rev-18,fwd-11
nexamp-332,sample-908,ATGCGCAG,GCGTAAGA,nexamp-332,rev-18,fwd-12
nexamp-333,sample-909,ATGCGCAG,CTATTAAG,nexamp-333,rev-18,fwd-13
nexamp-334,sample-910,ATGCGCAG,AAGGCTAT,nexamp-334,rev-18,fwd-14
nexamp-335,sample-911,ATGCGCAG,GAGCCTTA,nexamp-335,rev-18,fwd-15
nexamp-336,sample-912,ATGCGCAG,TTATGCGA,nexamp-336,rev-18,fwd-16
nexamp-337,sample-913,TAGCGCTC,TCGACTAG,nexamp-337,rev-19,fwd-9
nexamp-338,sample-914,TAGCGCTC,TTCTAGCT,nexamp-338,rev-19,fwd-10
nexamp-339,sample-915,TAGCGCTC,CCTAGAGT,nexamp-339,rev-19,fwd-11
nexamp-340,sample-916,TAGCGCTC,GCGTAAGA,nexamp-340,rev-19,fwd-12
nexamp-341,sample-917,TAGCGCTC,CTATTAAG,nexamp-341,rev-19,fwd-13
nexamp-342,sample-918,TAGCGCTC,AAGGCTAT,nexamp-342,rev-19,fwd-14
nexamp-343,sample-919,TAGCGCTC,GAGCCTTA,nexamp-343,rev-19,fwd-15
nexamp-344,sample-920,TAGCGCTC,TTATGCGA,nexamp-344,rev-19,fwd-16
nexamp-345,sample-921,ACTGAGCG,TCGACTAG,nexamp-345,rev-20,fwd-9
nexamp-346,sample-922,ACTGAGCG,TTCTAGCT,nexamp-346,rev-20,fwd-10
nexamp-347,sample-923,ACTGAGCG,CCTAGAGT,nexamp-347,rev-20,fwd-11
nexamp-348,sample-924,ACTGAGCG,GCGTAAGA,nexamp-348,rev-20,fwd-12
nexamp-349,sample-925,ACTGAGCG,CTATTAAG,nexamp-349,rev-20,fwd-13
nexamp-350,sample-926,ACTGAGCG,AAGGCTAT,nexamp-350,rev-20,fwd-14
nexamp-351,sample-927,ACTGAGCG,GAGCCTTA,nexamp-351,rev-20,fwd-15
nexamp-352,sample-928,ACTGAGCG,TTATGCGA,nexamp-352,rev-20,fwd-16
nexamp-353,sample-929,CCTAAGAC,TCGACTAG,nexamp-353,rev-21,fwd-9
nexamp-354,sample-930,CCTAAGAC,TTCTAGCT,nexamp-354,rev-21,fwd-10
nexamp-355,sample-931,CCTAAGAC,CCTAGAGT,nexamp-355,rev-21,fwd-11
nexamp-356,sample-932,CCTAAGAC,GCGTAAGA,nexamp-356,rev-21,fwd-12
nexamp-357,sample-933,CCTAAGAC,CTATTAAG,nexamp-357,rev-21,fwd-13
nexamp-358,sample-934,CCTAAGAC,AAGGCTAT,nexamp-358,rev-21,fwd-14
nexamp-359,sample-935,CCTAAGAC,GAGCCTTA,nexamp-359,rev-21,fwd-15
nexamp-360,sample-936,CCTAAGAC,TTATGCGA,nexamp-360,rev-21,fwd-16
nexamp-361,sample-937,CGATCAGT,TCGACTAG,nexamp-361,rev-22,fwd-9
nexamp-362,sample-938,CGATCAGT,TTCTAGCT,nexamp-362,rev-22,fwd-10
nexamp-363,sample-939,CGATCAGT,CCTAGAGT,nexamp-363,rev-22,fwd-11
nexamp-364,sample-940,CGATCAGT,GCGTAAGA,nexamp-364,rev-22,fwd-12
nexamp-365,sample-941,CGATCAGT,CTATTAAG,nexamp-365,rev-22,fwd-13
nexamp-366,sample-942,CGATCAGT,AAGGCTAT,nexamp-366,rev-22,fwd-14
nexamp-367,sample-943,CGATCAGT,GAGCCTTA,nexamp-367,rev-22,fwd-15
nexamp-368,sample-944,CGATCAGT,TTATGCGA,nexamp-368,rev-22,fwd-16
nexamp-369,sample-945,TGCAGCTA,TCGACTAG,nexamp-369,rev-23,fwd-9
nexamp-370,sample-946,TGCAGCTA,TTCTAGCT,nexamp-370,rev-23,fwd-10
nexamp-371,sample-947,TGCAGCTA,CCTAGAGT,nexamp-371,rev-23,fwd-11
nexamp-372,sample-948,TGCAGCTA,GCGTAAGA,nexamp-372,rev-23,fwd-12
nexamp-373,sample-949,TGCAGCTA,CTATTAAG,nexamp-373,rev-23,fwd-13
nexamp-374,sample-950,TGCAGCTA,AAGGCTAT,nexamp-374,rev-23,fwd-14
nexamp-375,sample-951,TGCAGCTA,GAGCCTTA,nexamp-375,rev-23,fwd-15
nexamp-376,sample-952,TGCAGCTA,TTATGCGA,nexamp-376,rev-23,fwd-16
nexamp-377,sample-953,TCGACGTC,TCGACTAG,nexamp-377,rev-24,fwd-9
nexamp-378,sample-954,TCGACGTC,TTCTAGCT,nexamp-378,rev-24,fwd-10
nexamp-379,sample-955,TCGACGTC,CCTAGAGT,nexamp-379,rev-24,fwd-11
nexamp-380,sample-956,TCGACGTC,GCGTAAGA,nexamp-380,rev-24,fwd-12
nexamp-381,sample-957,TCGACGTC,CTATTAAG,nexamp-381,rev-24,fwd-13
nexamp-382,sample-958,TCGACGTC,AAGGCTAT,nexamp-382,rev-24,fwd-14
nexamp-383,sample-959,TCGACGTC,GAGCCTTA,nexamp-383,rev-24,fwd-15
nexamp-384,sample-960,TCGACGTC,TTATGCGA,nexamp-384,rev-24,fwd-16
nexamp-385,sample-961,TAAGGCGA,TGAACCTT,nexamp-385,rev-1,fwd-17
nexamp-386,sample-962,TAAGGCGA,TGCTAAGT,nexamp-386,rev-1,fwd-18
nexamp-387,sample-963,TAAGGCGA,TGTTCTCT,nexamp-387,rev-1,fwd-19
nexamp-388,sample-964,TAAGGCGA,TAAGACAC,nexamp-388,rev-1,fwd-20
nexamp-389,sample-965,TAAGGCGA,CTAATCGA,nexamp-389,rev-1,fwd-21
nexamp-390,sample-966,TAAGGCGA,CTAGAACA,nexamp-390,rev-1,fwd-22
nexamp-391,sample-967,TAAGGCGA,TAAGTTCC,nexamp-391,rev-1,fwd-23
nexamp-392,sample-968,TAAGGCGA,TAGACCTA,nexamp-392,rev-1,fwd-24
nexamp-393,sample-969,CGTACTAG,TGAACCTT,nexamp-393,rev-2,fwd-17
nexamp-394,sample-970,CGTACTAG,TGCTAAGT,nexamp-394,rev-2,fwd-18
nexamp-395,sample-971,CGTACTAG,TGTTCTCT,nexamp-395,rev-2,fwd-19
nexamp-396,sample-972,CGTACTAG,TAAGACAC,nexamp-396,rev-2,fwd-20
nexamp-397,sample-973,CGTACTAG,CTAATCGA,nexamp-397,rev-2,fwd-21
nexamp-398,sample-974,CGTACTAG,CTAGAACA,nexamp-398,rev-2,fwd-22
nexamp-399,sample-975,CGTACTAG,TAAGTTCC,nexamp-399,rev-2,fwd-23
nexamp-400,sample-976,CGTACTAG,TAGACCTA,nexamp-400,rev-2,fwd-24
nexamp-401,sample-977,AGGCAGAA,TGAACCTT,nexamp-401,rev-3,fwd-17
nexamp-402,sample-978,AGGCAGAA,TGCTAAGT,nexamp-402,rev-3,fwd-18
nexamp-403,sample-979,AGGCAGAA,TGTTCTCT,nexamp-403,rev-3,fwd-19
nexamp-404,sample-980,AGGCAGAA,TAAGACAC,nexamp-404,rev-3,fwd-20
nexamp-405,sample-981,AGGCAGAA,CTAATCGA,nexamp-405,rev-3,fwd-21
nexamp-406,sample-982,AGGCAGAA,CTAGAACA,nexamp-406,rev-3,fwd-22
nexamp-407,sample-983,AGGCAGAA,TAAGTTCC,nexamp-407,rev-3,fwd-23
nexamp-408,sample-984,AGGCAGAA,TAGACCTA,nexamp-408,rev-3,fwd-24
nexamp-409,sample-985,TCCTGAGC,TGAACCTT,nexamp-409,rev-4,fwd-17
nexamp-410,sample-986,TCCTGAGC,TGCTAAGT,nexamp-410,rev-4,fwd-18
nexamp-411,sample-987,TCCTGAGC,TGTTCTCT,nexamp-411,rev-4,fwd-19
nexamp-412,sample-988,TCCTGAGC,TAAGACAC,nexamp-412,rev-4,fwd-20
nexamp-413,sample-989,TCCTGAGC,CTAATCGA,nexamp-413,rev-4,fwd-21
nexamp-414,sample-990,TCCTGAGC,CTAGAACA,nexamp-414,rev-4,fwd-22
nexamp-415,sample-991,TCCTGAGC,TAAGTTCC,nexamp-415,rev-4,fwd-23
nexamp-416,sample-992,TCCTGAGC,TAGACCTA,nexamp-416,rev-4,fwd-24
nexamp-417,sample-993,GGACTCCT,TGAACCTT,nexamp-417,rev-5,fwd-17
nexamp-418,sample-994,GGACTCCT,TGCTAAGT,nexamp-418,rev-5,fwd-18
nexamp-419,sample-995,GGACTCCT,TGTTCTCT,nexamp-419,rev-5,fwd-19
nexamp-420,sample-996,GGACTCCT,TAAGACAC,nexamp-420,rev-5,fwd-20
nexamp-421,sample-997,GGACTCCT,CTAATCGA,nexamp-421,rev-5,fwd-21
nexamp-422,sample-998,GGACTCCT,CTAGAACA,nexamp-422,rev-5,fwd-22
nexamp-423,sample-999,GGACTCCT,TAAGTTCC,nexamp-423,rev-5,fwd-23
nexamp-424,sample-1000,GGACTCCT,TAGACCTA,nexamp-424,rev-5,fwd-24
nexamp-425,sample-1001,TAGGCATG,TGAACCTT,nexamp-425,rev-6,fwd-17
nexamp-426,sample-1002,TAGGCATG,TGCTAAGT,nexamp-426,rev-6,fwd-18
nexamp-427,sample-1003,TAGGCATG,TGTTCTCT,nexamp-427,rev-6,fwd-19
nexamp-428,sample-1004,TAGGCATG,TAAGACAC,nexamp-428,rev-6,fwd-20
nexamp-429,sample-1005,TAGGCATG,CTAATCGA,nexamp-429,rev-6,fwd-21
nexamp-430,sample-1006,TAGGCATG,CTAGAACA,nexamp-430,rev-6,fwd-22
nexamp-431,sample-1007,TAGGCATG,TAAGTTCC,nexamp-431,rev-6,fwd-23
nexamp-432,sample-1008,TAGGCATG,TAGACCTA,nexamp-432,rev-6,fwd-24
nexamp-433,sample-1009,CTCTCTAC,TGAACCTT,nexamp-433,rev-7,fwd-17
nexamp-434,sample-1010,CTCTCTAC,TGCTAAGT,nexamp-434,rev-7,fwd-18
nexamp-435,sample-1011,CTCTCTAC,TGTTCTCT,nexamp-435,rev-7,fwd-19
nexamp-436,sample-1012,CTCTCTAC,TAAGACAC,nexamp-436,rev-7,fwd-20
nexamp-437,sample-1013,CTCTCTAC,CTAATCGA,nexamp-437,rev-7,fwd-21
nexamp-438,sample-1014,CTCTCTAC,CTAGAACA,nexamp-438,rev-7,fwd-22
nexamp-439,sample-1015,CTCTCTAC,TAAGTTCC,nexamp-439,rev-7,fwd-23
nexamp-440,sample-1016,CTCTCTAC,TAGACCTA,nexamp-440,rev-7,fwd-24
nexamp-441,sample-1017,CGAGGCTG,TGAACCTT,nexamp-441,rev-8,fwd-17
nexamp-442,sample-1018,CGAGGCTG,TGCTAAGT,nexamp-442,rev-8,fwd-18
nexamp-443,sample-1019,CGAGGCTG,TGTTCTCT,nexamp-443,rev-8,fwd-19
nexamp-444,sample-1020,CGAGGCTG,TAAGACAC,nexamp-444,rev-8,fwd-20
nexamp-445,sample-1021,CGAGGCTG,CTAATCGA,nexamp-445,rev-8,fwd-21
nexamp-446,sample-1022,CGAGGCTG,CTAGAACA,nexamp-446,rev-8,fwd-22
nexamp-447,sample-1023,CGAGGCTG,TAAGTTCC,nexamp-447,rev-8,fwd-23
nexamp-448,sample-1024,CGAGGCTG,TAGACCTA,nexamp-448,rev-8,fwd-24
nexamp-449,sample-1025,AAGAGGCA,TGAACCTT,nexamp-449,rev-9,fwd-17
nexamp-450,sample-1026,AAGAGGCA,TGCTAAGT,nexamp-450,rev-9,fwd-18
nexamp-451,sample-1027,AAGAGGCA,TGTTCTCT,nexamp-451,rev-9,fwd-19
nexamp-452,sample-1028,AAGAGGCA,TAAGACAC,nexamp-452,rev-9,fwd-20
nexamp-453,sample-1029,AAGAGGCA,CTAATCGA,nexamp-453,rev-9,fwd-21
nexamp-454,sample-1030,AAGAGGCA,CTAGAACA,nexamp-454,rev-9,fwd-22
nexamp-455,sample-1031,AAGAGGCA,TAAGTTCC,nexamp-455,rev-9,fwd-23
nexamp-456,sample-1032,AAGAGGCA,TAGACCTA,nexamp-456,rev-9,fwd-24
nexamp-457,sample-1033,GTAGAGGA,TGAACCTT,nexamp-457,rev-10,fwd-17
nexamp-458,sample-1034,GTAGAGGA,TGCTAAGT,nexamp-458,rev-10,fwd-18
nexamp-459,sample-1035,GTAGAGGA,TGTTCTCT,nexamp-459,rev-10,fwd-19
nexamp-460,sample-1036,GTAGAGGA,TAAGACAC,nexamp-460,rev-10,fwd-20
nexamp-461,sample-1037,GTAGAGGA,CTAATCGA,nexamp-461,rev-10,fwd-21
nexamp-462,sample-1038,GTAGAGGA,CTAGAACA,nexamp-462,rev-10,fwd-22
nexamp-463,sample-1039,GTAGAGGA,TAAGTTCC,nexamp-463,rev-10,fwd-23
nexamp-464,sample-1040,GTAGAGGA,TAGACCTA,nexamp-464,rev-10,fwd-24
nexamp-465,sample-1041,GCTCATGA,TGAACCTT,nexamp-465,rev-11,fwd-17
nexamp-466,sample-1042,GCTCATGA,TGCTAAGT,nexamp-466,rev-11,fwd-18
nexamp-467,sample-1043,GCTCATGA,TGTTCTCT,nexamp-467,rev-11,fwd-19
nexamp-468,sample-1044,GCTCATGA,TAAGACAC,nexamp-468,rev-11,fwd-20
nexamp-469,sample-1045,GCTCATGA,CTAATCGA,nexamp-469,rev-11,fwd-21
nexamp-470,sample-1046,GCTCATGA,CTAGAACA,nexamp-470,rev-11,fwd-22
nexamp-471,sample-1047,GCTCATGA,TAAGTTCC,nexamp-471,rev-11,fwd-23
nexamp-472,sample-1048,GCTCATGA,TAGACCTA,nexamp-472,rev-11,fwd-24
nexamp-473,sample-1049,ATCTCAGG,TGAACCTT,nexamp-473,rev-12,fwd-17
nexamp-474,sample-1050,ATCTCAGG,TGCTAAGT,nexamp-474,rev-12,fwd-18
nexamp-475,sample-1051,ATCTCAGG,TGTTCTCT,nexamp-475,rev-12,fwd-19
nexamp-476,sample-1052,ATCTCAGG,TAAGACAC,nexamp-476,rev-12,fwd-20
nexamp-477,sample-1053,ATCTCAGG,CTAATCGA,nexamp-477,rev-12,fwd-21
nexamp-478,sample-1054,ATCTCAGG,CTAGAACA,nexamp-478,rev-12,fwd-22
nexamp-479,sample-1055,ATCTCAGG,TAAGTTCC,nexamp-479,rev-12,fwd-23
nexamp-480,sample-1056,ATCTCAGG,TAGACCTA,nexamp-480,rev-12,fwd-24
nexamp-481,sample-1057,ACTCGCTA,TGAACCTT,nexamp-481,rev-13,fwd-25
nexamp-482,sample-1058,ACTCGCTA,TGCTAAGT,nexamp-482,rev-13,fwd-26
nexamp-483,sample-1059,ACTCGCTA,TGTTCTCT,nexamp-483,rev-13,fwd-27
nexamp-484,sample-1060,ACTCGCTA,TAAGACAC,nexamp-484,rev-13,fwd-28
nexamp-485,sample-1061,ACTCGCTA,CTAATCGA,nexamp-485,rev-13,fwd-29
nexamp-486,sample-1062,ACTCGCTA,CTAGAACA,nexamp-486,rev-13,fwd-30
nexamp-487,sample-1063,ACTCGCTA,TAAGTTCC,nexamp-487,rev-13,fwd-31
nexamp-488,sample-1064,ACTCGCTA,TAGACCTA,nexamp-488,rev-13,fwd-32
nexamp-489,sample-1065,GGAGCTAC,TGAACCTT,nexamp-489,rev-14,fwd-33
nexamp-490,sample-1066,GGAGCTAC,TGCTAAGT,nexamp-490,rev-14,fwd-34
nexamp-491,sample-1067,GGAGCTAC,TGTTCTCT,nexamp-491,rev-14,fwd-35
nexamp-492,sample-1068,GGAGCTAC,TAAGACAC,nexamp-492,rev-14,fwd-36
nexamp-493,sample-1069,GGAGCTAC,CTAATCGA,nexamp-493,rev-14,fwd-37
nexamp-494,sample-1070,GGAGCTAC,CTAGAACA,nexamp-494,rev-14,fwd-38
nexamp-495,sample-1071,GGAGCTAC,TAAGTTCC,nexamp-495,rev-14,fwd-39
nexamp-496,sample-1072,GGAGCTAC,TAGACCTA,nexamp-496,rev-14,fwd-40
nexamp-497,sample-1073,GCGTAGTA,TGAACCTT,nexamp-497,rev-15,fwd-41
nexamp-498,sample-1074,GCGTAGTA,TGCTAAGT,nexamp-498,rev-15,fwd-42
nexamp-499,sample-1075,GCGTAGTA,TGTTCTCT,nexamp-499,rev-15,fwd-43
nexamp-500,sample-1076,GCGTAGTA,TAAGACAC,nexamp-500,rev-15,fwd-44
nexamp-501,sample-1077,GCGTAGTA,CTAATCGA,nexamp-501,rev-15,fwd-45
nexamp-502,sample-1078,GCGTAGTA,CTAGAACA,nexamp-502,rev-15,fwd-46
nexamp-503,sample-1079,GCGTAGTA,TAAGTTCC,nexamp-503,rev-15,fwd-47
nexamp-504,sample-1080,GCGTAGTA,TAGACCTA,nexamp-504,rev-15,fwd-48
nexamp-505,sample-1081,CGGAGCCT,TGAACCTT,nexamp-505,rev-16,fwd-49
nexamp-506,sample-1082,CGGAGCCT,TGCTAAGT,nexamp-506,rev-16,fwd-50
nexamp-507,sample-1083,CGGAGCCT,TGTTCTCT,nexamp-507,rev-16,fwd-51
nexamp-508,sample-1084,CGGAGCCT,TAAGACAC,nexamp-508,rev-16,fwd-52
nexamp-509,sample-1085,CGGAGCCT,CTAATCGA,nexamp-509,rev-16,fwd-53
nexamp-510,sample-1086,CGGAGCCT,CTAGAACA,nexamp-510,rev-16,fwd-54
nexamp-511,sample-1087,CGGAGCCT,TAAGTTCC,nexamp-511,rev-16,fwd-55
nexamp-512,sample-1088,CGGAGCCT,TAGACCTA,nexamp-512,rev-16,fwd-56
nexamp-513,sample-1089,TACGCTGC,TGAACCTT,nexamp-513,rev-17,fwd-57
nexamp-514,sample-1090,TACGCTGC,TGCTAAGT,nexamp-514,rev-17,fwd-58
nexamp-515,sample-1091,TACGCTGC,TGTTCTCT,nexamp-515,rev-17,fwd-59
nexamp-516,sample-1092,TACGCTGC,TAAGACAC,nexamp-516,rev-17,fwd-60
nexamp-517,sample-1093,TACGCTGC,CTAATCGA,nexamp-517,rev-17,fwd-61
nexamp-518,sample-1094,TACGCTGC,CTAGAACA,nexamp-518,rev-17,fwd-62
nexamp-519,sample-1095,TACGCTGC,TAAGTTCC,nexamp-519,rev-17,fwd-63
nexamp-520,sample-1096,TACGCTGC,TAGACCTA,nexamp-520,rev-17,fwd-64
nexamp-521,sample-1097,ATGCGCAG,TGAACCTT,nexamp-521,rev-18,fwd-65
nexamp-522,sample-1098,ATGCGCAG,TGCTAAGT,nexamp-522,rev-18,fwd-66
nexamp-523,sample-1099,ATGCGCAG,TGTTCTCT,nexamp-523,rev-18,fwd-67
nexamp-524,sample-1100,ATGCGCAG,TAAGACAC,nexamp-524,rev-18,fwd-68
nexamp-525,sample-1101,ATGCGCAG,CTAATCGA,nexamp-525,rev-18,fwd-69
nexamp-526,sample-1102,ATGCGCAG,CTAGAACA,nexamp-526,rev-18,fwd-70
nexamp-527,sample-1103,ATGCGCAG,TAAGTTCC,nexamp-527,rev-18,fwd-71
nexamp-528,sample-1104,ATGCGCAG,TAGACCTA,nexamp-528,rev-18,fwd-72
nexamp-529,sample-1105,TAGCGCTC,TGAACCTT,nexamp-529,rev-19,fwd-73
nexamp-530,sample-1106,TAGCGCTC,TGCTAAGT,nexamp-530,rev-19,fwd-74
nexamp-531,sample-1107,TAGCGCTC,TGTTCTCT,nexamp-531,rev-19,fwd-75
nexamp-532,sample-1108,TAGCGCTC,TAAGACAC,nexamp-532,rev-19,fwd-76
nexamp-533,sample-1109,TAGCGCTC,CTAATCGA,nexamp-533,rev-19,fwd-77
nexamp-534,sample-1110,TAGCGCTC,CTAGAACA,nexamp-534,rev-19,fwd-78
nexamp-535,sample-1111,TAGCGCTC,TAAGTTCC,nexamp-535,rev-19,fwd-79
nexamp-536,sample-1112,TAGCGCTC,TAGACCTA,nexamp-536,rev-19,fwd-80
nexamp-537,sample-1113,ACTGAGCG,TGAACCTT,nexamp-537,rev-20,fwd-81
nexamp-538,sample-1114,ACTGAGCG,TGCTAAGT,nexamp-538,rev-20,fwd-82
nexamp-539,sample-1115,ACTGAGCG,TGTTCTCT,nexamp-539,rev-20,fwd-83
nexamp-540,sample-1116,ACTGAGCG,TAAGACAC,nexamp-540,rev-20,fwd-84
nexamp-541,sample-1117,ACTGAGCG,CTAATCGA,nexamp-541,rev-20,fwd-85
nexamp-542,sample-1118,ACTGAGCG,CTAGAACA,nexamp-542,rev-20,fwd-86
nexamp-543,sample-1119,ACTGAGCG,TAAGTTCC,nexamp-543,rev-20,fwd-87
nexamp-544,sample-1120,ACTGAGCG,TAGACCTA,nexamp-544,rev-20,fwd-88
nexamp-545,sample-1121,CCTAAGAC,TGAACCTT,nexamp-545,rev-21,fwd-89
nexamp-546,sample-1122,CCTAAGAC,TGCTAAGT,nexamp-546,rev-21,fwd-90
nexamp-547,sample-1123,CCTAAGAC,TGTTCTCT,nexamp-547,rev-21,fwd-91
nexamp-548,sample-1124,CCTAAGAC,TAAGACAC,nexamp-548,rev-21,fwd-92
nexamp-549,sample-1125,CCTAAGAC,CTAATCGA,nexamp-549,rev-21,fwd-93
nexamp-550,sample-1126,CCTAAGAC,CTAGAACA,nexamp-550,rev-21,fwd-94
nexamp-551,sample-1127,CCTAAGAC,TAAGTTCC,nexamp-551,rev-21,fwd-95
nexamp-552,sample-1128,CCTAAGAC,TAGACCTA,nexamp-552,rev-21,fwd-96
nexamp-553,sample-1129,CGATCAGT,TGAACCTT,nexamp-553,rev-22,fwd-97
nexamp-554,sample-1130,CGATCAGT,TGCTAAGT,nexamp-554,rev-22,fwd-98
nexamp-555,sample-1131,CGATCAGT,TGTTCTCT,nexamp-555,rev-22,fwd-99
nexamp-556,sample-1132,CGATCAGT,TAAGACAC,nexamp-556,rev-22,fwd-100
nexamp-557,sample-1133,CGATCAGT,CTAATCGA,nexamp-557,rev-22,fwd-101
nexamp-558,sample-1134,CGATCAGT,CTAGAACA,nexamp-558,rev-22,fwd-102
nexamp-559,sample-1135,CGATCAGT,TAAGTTCC,nexamp-559,rev-22,fwd-103
nexamp-560,sample-1136,CGATCAGT,TAGACCTA,nexamp-560,rev-22,fwd-104
nexamp-561,sample-1137,TGCAGCTA,TGAACCTT,nexamp-561,rev-23,fwd-105
nexamp-562,sample-1138,TGCAGCTA,TGCTAAGT,nexamp-562,rev-23,fwd-106
nexamp-563,sample-1139,TGCAGCTA,TGTTCTCT,nexamp-563,rev-23,fwd-107
nexamp-564,sample-1140,TGCAGCTA,TAAGACAC,nexamp-564,rev-23,fwd-108
nexamp-565,sample-1141,TGCAGCTA,CTAATCGA,nexamp-565,rev-23,fwd-109
nexamp-566,sample-1142,TGCAGCTA,CTAGAACA,nexamp-566,rev-23,fwd-110
nexamp-567,sample-1143,TGCAGCTA,TAAGTTCC,nexamp-567,rev-23,fwd-111
nexamp-568,sample-1144,TGCAGCTA,TAGACCTA,nexamp-568,rev-23,fwd-112
nexamp-569,sample-1145,TCGACGTC,TGAACCTT,nexamp-569,rev-24,fwd-113
nexamp-570,sample-1146,TCGACGTC,TGCTAAGT,nexamp-570,rev-24,fwd-114
nexamp-571,sample-1147,TCGACGTC,TGTTCTCT,nexamp-571,rev-24,fwd-115
nexamp-572,sample-1148,TCGACGTC,TAAGACAC,nexamp-572,rev-24,fwd-116
nexamp-573,sample-1149,TCGACGTC,CTAATCGA,nexamp-573,rev-24,fwd-117
nexamp-574,sample-1150,TCGACGTC,CTAGAACA,nexamp-574,rev-24,fwd-118
nexamp-575,sample-1151,TCGACGTC,TAAGTTCC,nexamp-575,rev-24,fwd-119
nexamp-576,sample-1152,TCGACGTC,TAGACCTA,nexamp-576,rev-24,fwd-120
